Tag,Dataset,MCM_dataset,cross_section,total_events,completed_events,filter_efficiency,filter_efficiency_error,match_efficiency,match_efficiency_error,negative_weights_fraction,notes,alternative_dataset_used
DYJetsToLL_M-10to50_TuneCUETP8M1_13TeV-amcatnloFXFX-pythia8-MiniAOD,/DYJetsToLL_M-10to50_TuneCUETP8M1_13TeV-amcatnloFXFX-pythia8/RunIISummer16MiniAODv2-PUMoriond17_80X_mcRun2_asymptotic_2016_TrancheIV_v6-v1/MINIAODSIM,DYJetsToLL_M-10to50_TuneCUETP8M1_13TeV-amcatnloFXFX-pythia8,18610,"30,935,823","30,920,596",1,0,1,0,-999,"Cross section, filter efficiency, filter efficiency error, match efficiencty, match efficiency error, negative weights fraction not listed",SMP-RunIIWinter15wmLHE-00004
DYJetsToLL_M-10to50_TuneCUETP8M1_13TeV-amcatnloFXFX-pythia8-MiniAOD_ext,/DYJetsToLL_M-10to50_TuneCUETP8M1_13TeV-amcatnloFXFX-pythia8/RunIISummer16MiniAODv2-PUMoriond17_80X_mcRun2_asymptotic_2016_TrancheIV_v6-v2/MINIAODSIM,DYJetsToLL_M-10to50_TuneCUETP8M1_13TeV-amcatnloFXFX-pythia8,18590,"75,000,000","65,888,233",1,0,0.618,0.001,0.2,"Cross section, filter efficiency, filter efficiency error, match efficiencty, match efficiency error, negative weights fraction",SMP-RunIISummer15wmLHEGS-00088
DYJetsToLL_M-10to50_TuneCUETP8M1_13TeV-amcatnloFXFX-pythia8-MiniAOD_ext1,/DYJetsToLL_M-10to50_TuneCUETP8M1_13TeV-amcatnloFXFX-pythia8/RunIISummer16MiniAODv2-PUMoriond17_80X_mcRun2_asymptotic_2016_TrancheIV_v6_ext1-v1/MINIAODSIM,DYJetsToLL_M-10to50_TuneCUETP8M1_13TeV-amcatnloFXFX-pythia8,18590,"40,547,670","40,381,391",1,0,0.618,0.001,0.2,"Cross section, filter efficiency, filter efficiency error, match efficiencty, match efficiency error, negative weights fraction",SMP-RunIISummer15wmLHEGS-00088
DYJetsToLL_M-50_TuneCUETP8M1_13TeV-amcatnloFXFX-pythia8-MiniAOD,/DYJetsToLL_M-50_TuneCUETP8M1_13TeV-amcatnloFXFX-pythia8/RunIISummer16MiniAODv2-PUMoriond17_80X_mcRun2_asymptotic_2016_TrancheIV_v6_ext2-v1/MINIAODSIM,DYJetsToLL_M-50_TuneCUETP8M1_13TeV-amcatnloFXFX-pythia8,5820,125000000,122055388,1,0,0.3831,0.0137,0.27,"Cross section, filter efficiency, filter efficiency error, match efficiencty, match efficiency error, negative weights fraction",SMP-RunIISummer15wmLHEGS-00025
DYJetsToLL_M-50_TuneCUETP8M1_13TeV-madgraphMLM_MiniAOD,/DYJetsToLL_M-50_TuneCUETP8M1_13TeV-madgraphMLM-pythia8/RunIISummer16MiniAODv2-PUMoriond17_80X_mcRun2_asymptotic_2016_TrancheIV_v6_ext1-v2/MINIAODSIM,DYJetsToLL_M-50_TuneCUETP8M1_13TeV-madgraphMLM-pythia8,1,"49,748,967","49,144,274",1,0,1,0,-999,"Cross section, filter efficiency, filter efficiency error, match efficiencty, match efficiency error, negative weights fraction not listed",SUS-RunIIWinter15wmLHE-00098
DYJetsToLL_Pt-100To250_TuneCUETP8M1_13TeV-amcatnloFXFX-pythia8-MiniAOD,/DYJetsToLL_Pt-100To250_TuneCUETP8M1_13TeV-amcatnloFXFX-pythia8/RunIISummer16MiniAODv2-PUMoriond17_80X_mcRun2_asymptotic_2016_TrancheIV_v6-v2/MINIAODSIM,DYJetsToLL_Pt-100To250_TuneCUETP8M1_13TeV-amcatnloFXFX-pythia8,0,"2,046,961","2,040,596",1,0,1,0,-1,"Cross section, filter efficiency, filter efficiency error, match efficiencty, match efficiency error, negative weights fraction",EXO-RunIISummer15wmLHEGS-00005
DYJetsToLL_Pt-100To250_TuneCUETP8M1_13TeV-amcatnloFXFX-pythia8-MiniAOD_ext1,/DYJetsToLL_Pt-100To250_TuneCUETP8M1_13TeV-amcatnloFXFX-pythia8/RunIISummer16MiniAODv2-PUMoriond17_80X_mcRun2_asymptotic_2016_TrancheIV_v6_ext1-v1/MINIAODSIM,DYJetsToLL_Pt-100To250_TuneCUETP8M1_13TeV-amcatnloFXFX-pythia8,1,"2,950,812","2,950,812",0.41,0,1,0,-1,"Cross section, filter efficiency, filter efficiency error, match efficiencty, match efficiency error, negative weights fraction",EXO-RunIISummer15wmLHEGS-01008
DYJetsToLL_Pt-100To250_TuneCUETP8M1_13TeV-amcatnloFXFX-pythia8-MiniAOD_ext2,/DYJetsToLL_Pt-100To250_TuneCUETP8M1_13TeV-amcatnloFXFX-pythia8/RunIISummer16MiniAODv2-PUMoriond17_80X_mcRun2_asymptotic_2016_TrancheIV_v6_ext2-v1/MINIAODSIM,DYJetsToLL_Pt-100To250_TuneCUETP8M1_13TeV-amcatnloFXFX-pythia8,1,"2,991,815","2,991,815",0.41,0,1,0,-1,"Cross section, filter efficiency, filter efficiency error, match efficiencty, match efficiency error, negative weights fraction",EXO-RunIISummer15wmLHEGS-01661
DYJetsToLL_Pt-100To250_TuneCUETP8M1_13TeV-amcatnloFXFX-pythia8-MiniAOD_ext5,/DYJetsToLL_Pt-100To250_TuneCUETP8M1_13TeV-amcatnloFXFX-pythia8/RunIISummer16MiniAODv2-PUMoriond17_80X_mcRun2_asymptotic_2016_TrancheIV_v6_ext5-v1/MINIAODSIM,DYJetsToLL_Pt-100To250_TuneCUETP8M1_13TeV-amcatnloFXFX-pythia8,1,"80,000,000","76,946,873",0.41,0,1,0,-1,"Cross section, filter efficiency, filter efficiency error, match efficiencty, match efficiency error, negative weights fraction",HIG-RunIISummer15wmLHEGS-00958
DYJetsToLL_Pt-250To400_TuneCUETP8M1_13TeV-amcatnloFXFX-pythia8-MiniAOD,/DYJetsToLL_Pt-250To400_TuneCUETP8M1_13TeV-amcatnloFXFX-pythia8/RunIISummer16MiniAODv2-PUMoriond17_80X_mcRun2_asymptotic_2016_TrancheIV_v6-v1/MINIAODSIM,DYJetsToLL_Pt-250To400_TuneCUETP8M1_13TeV-amcatnloFXFX-pythia8,1,"427,045","423,976",1,0,1,0,-1,"Cross section, filter efficiency, filter efficiency error, match efficiencty, match efficiency error, negative weights fraction",EXO-RunIISummer15wmLHEGS-00006
DYJetsToLL_Pt-250To400_TuneCUETP8M1_13TeV-amcatnloFXFX-pythia8-MiniAOD_ext1,/DYJetsToLL_Pt-250To400_TuneCUETP8M1_13TeV-amcatnloFXFX-pythia8/RunIISummer16MiniAODv2-PUMoriond17_80X_mcRun2_asymptotic_2016_TrancheIV_v6_ext1-v1/MINIAODSIM,DYJetsToLL_Pt-250To400_TuneCUETP8M1_13TeV-amcatnloFXFX-pythia8,1,"590,806","590,806",0.43,0,1,0,-1,"Cross section, filter efficiency, filter efficiency error, match efficiencty, match efficiency error, negative weights fraction",EXO-RunIISummer15wmLHEGS-01009
DYJetsToLL_Pt-250To400_TuneCUETP8M1_13TeV-amcatnloFXFX-pythia8-MiniAOD_ext2,/DYJetsToLL_Pt-250To400_TuneCUETP8M1_13TeV-amcatnloFXFX-pythia8/RunIISummer16MiniAODv2-PUMoriond17_80X_mcRun2_asymptotic_2016_TrancheIV_v6_ext2-v1/MINIAODSIM,DYJetsToLL_Pt-250To400_TuneCUETP8M1_13TeV-amcatnloFXFX-pythia8,1,"594,317","594,317",0.43,0,1,0,-1,"Cross section, filter efficiency, filter efficiency error, match efficiencty, match efficiency error, negative weights fraction",EXO-RunIISummer15wmLHEGS-01662
DYJetsToLL_Pt-250To400_TuneCUETP8M1_13TeV-amcatnloFXFX-pythia8-MiniAOD_ext5,/DYJetsToLL_Pt-250To400_TuneCUETP8M1_13TeV-amcatnloFXFX-pythia8/RunIISummer16MiniAODv2-PUMoriond17_80X_mcRun2_asymptotic_2016_TrancheIV_v6_ext5-v1/MINIAODSIM,DYJetsToLL_Pt-250To400_TuneCUETP8M1_13TeV-amcatnloFXFX-pythia8,1,"20,000,000","19,626,902",0.43,0,1,0,-1,"Cross section, filter efficiency, filter efficiency error, match efficiencty, match efficiency error, negative weights fraction",HIG-RunIISummer15wmLHEGS-00960
DYJetsToLL_Pt-400To650_TuneCUETP8M1_13TeV-amcatnloFXFX-pythia8-MiniAOD,/DYJetsToLL_Pt-400To650_TuneCUETP8M1_13TeV-amcatnloFXFX-pythia8/RunIISummer16MiniAODv2-PUMoriond17_80X_mcRun2_asymptotic_2016_TrancheIV_v6-v1/MINIAODSIM,DYJetsToLL_Pt-400To650_TuneCUETP8M1_13TeV-amcatnloFXFX-pythia8,1,"432,056","432,056",1,0,1,0,-1,"Cross section, filter efficiency, filter efficiency error, match efficiencty, match efficiency error, negative weights fraction",EXO-RunIISummer15wmLHEGS-00007
DYJetsToLL_Pt-400To650_TuneCUETP8M1_13TeV-amcatnloFXFX-pythia8-MiniAOD_ext1,/DYJetsToLL_Pt-400To650_TuneCUETP8M1_13TeV-amcatnloFXFX-pythia8/RunIISummer16MiniAODv2-PUMoriond17_80X_mcRun2_asymptotic_2016_TrancheIV_v6_ext1-v1/MINIAODSIM,DYJetsToLL_Pt-400To650_TuneCUETP8M1_13TeV-amcatnloFXFX-pythia8,1,"589,842","589,842",0.43,0,1,0,-1,"Cross section, filter efficiency, filter efficiency error, match efficiencty, match efficiency error, negative weights fraction",EXO-RunIISummer15wmLHEGS-01010
DYJetsToLL_Pt-400To650_TuneCUETP8M1_13TeV-amcatnloFXFX-pythia8-MiniAOD_ext2,/DYJetsToLL_Pt-400To650_TuneCUETP8M1_13TeV-amcatnloFXFX-pythia8/RunIISummer16MiniAODv2-PUMoriond17_80X_mcRun2_asymptotic_2016_TrancheIV_v6_ext2-v1/MINIAODSIM,DYJetsToLL_Pt-400To650_TuneCUETP8M1_13TeV-amcatnloFXFX-pythia8,1,"604,038","604,038",0.43,0,1,0,-1,"Cross section, filter efficiency, filter efficiency error, match efficiencty, match efficiency error, negative weights fraction",EXO-RunIISummer15wmLHEGS-01663
DYJetsToLL_Pt-50To100_TuneCUETP8M1_13TeV-amcatnloFXFX-pythia8-MiniAOD,/DYJetsToLL_Pt-50To100_TuneCUETP8M1_13TeV-amcatnloFXFX-pythia8/RunIISummer16MiniAODv2-PUMoriond17_80X_mcRun2_asymptotic_2016_TrancheIV_v6-v3/MINIAODSIM,DYJetsToLL_Pt-50To100_TuneCUETP8M1_13TeV-amcatnloFXFX-pythia8,936.2,"21,890,432","21,890,432",1,0,0.351,0,-1,"Cross section, filter efficiency, filter efficiency error, match efficiencty, match efficiency error, negative weights fraction",EXO-RunIISummer15wmLHEGS-01667
DYJetsToLL_Pt-50To100_TuneCUETP8M1_13TeV-amcatnloFXFX-pythia8-MiniAOD_ext3,/DYJetsToLL_Pt-50To100_TuneCUETP8M1_13TeV-amcatnloFXFX-pythia8/RunIISummer16MiniAODv2-PUMoriond17_80X_mcRun2_asymptotic_2016_TrancheIV_v6_ext3-v1/MINIAODSIM,DYJetsToLL_Pt-50To100_TuneCUETP8M1_13TeV-amcatnloFXFX-pythia8,936.2,"100,000,000","108,920,852",1,0,0.351,0,-1,"Cross section, filter efficiency, filter efficiency error, match efficiencty, match efficiency error, negative weights fraction",HIG-RunIISummer15wmLHEGS-00959
DYJetsToLL_Pt-650ToInf_TuneCUETP8M1_13TeV-amcatnloFXFX-pythia8-MiniAOD,/DYJetsToLL_Pt-650ToInf_TuneCUETP8M1_13TeV-amcatnloFXFX-pythia8/RunIISummer16MiniAODv2-PUMoriond17_80X_mcRun2_asymptotic_2016_TrancheIV_v6-v1/MINIAODSIM,DYJetsToLL_Pt-650ToInf_TuneCUETP8M1_13TeV-amcatnloFXFX-pythia8,1,"430,691","430,691",1,0,1,0,-1,"Cross section, filter efficiency, filter efficiency error, match efficiencty, match efficiency error, negative weights fraction",EXO-RunIISummer15wmLHEGS-00008
DYJetsToLL_Pt-650ToInf_TuneCUETP8M1_13TeV-amcatnloFXFX-pythia8-MiniAOD_ext1,/DYJetsToLL_Pt-650ToInf_TuneCUETP8M1_13TeV-amcatnloFXFX-pythia8/RunIISummer16MiniAODv2-PUMoriond17_80X_mcRun2_asymptotic_2016_TrancheIV_v6_ext1-v1/MINIAODSIM,DYJetsToLL_Pt-650ToInf_TuneCUETP8M1_13TeV-amcatnloFXFX-pythia8,1,"599,665","599,665",0.43,0,1,0,-1,"Cross section, filter efficiency, filter efficiency error, match efficiencty, match efficiency error, negative weights fraction",EXO-RunIISummer15wmLHEGS-01011
DYJetsToLL_Pt-650ToInf_TuneCUETP8M1_13TeV-amcatnloFXFX-pythia8-MiniAOD_ext2,/DYJetsToLL_Pt-650ToInf_TuneCUETP8M1_13TeV-amcatnloFXFX-pythia8/RunIISummer16MiniAODv2-PUMoriond17_80X_mcRun2_asymptotic_2016_TrancheIV_v6_ext2-v1/MINIAODSIM,DYJetsToLL_Pt-650ToInf_TuneCUETP8M1_13TeV-amcatnloFXFX-pythia8,1,"597,526","597,526",0.43,0,1,0,-1,"Cross section, filter efficiency, filter efficiency error, match efficiencty, match efficiency error, negative weights fraction",EXO-RunIISummer15wmLHEGS-01664
DYJetsToLL_Zpt-100to200_M-50_TuneCUETP8M1_13TeV-madgraphMLM_MiniAOD,/DYJetsToLL_Zpt-100to200_M-50_TuneCUETP8M1_13TeV-madgraphMLM-pythia8/RunIISummer16MiniAODv2-PUMoriond17_80X_mcRun2_asymptotic_2016_TrancheIV_v6-v1/MINIAODSIM,DYJetsToLL_Zpt-100to200_M-50_TuneCUETP8M1_13TeV-madgraphMLM-pythia8,60.26,"6,585,218","6,584,581",1,0.1,0.105,0.1,-1,"Cross section, filter efficiency, filter efficiency error, match efficiencty, match efficiency error, negative weights fraction",HIG-RunIISummer15wmLHEGS-00675
DYJetsToLL_Zpt-200toInf_M-50_TuneCUETP8M1_13TeV-madgraphMLM_MiniAOD,/DYJetsToLL_Zpt-200toInf_M-50_TuneCUETP8M1_13TeV-madgraphMLM-pythia8/RunIISummer16MiniAODv2-PUMoriond17_80X_mcRun2_asymptotic_2016_TrancheIV_v6-v1/MINIAODSIM,DYJetsToLL_Zpt-200toInf_M-50_TuneCUETP8M1_13TeV-madgraphMLM-pythia8,6.874,"2,903,064","2,903,064",1,0.1,0.067,0.1,-1,"Cross section, filter efficiency, filter efficiency error, match efficiencty, match efficiency error, negative weights fraction",HIG-RunIISummer15wmLHEGS-00676
DYToEE_NNPDF30_13TeV-powheg_MiniAOD,/DYToEE_NNPDF30_13TeV-powheg-pythia8/RunIISummer16MiniAODv2-EGM0_80X_mcRun2_asymptotic_2016_TrancheIV_v6-v1/MINIAODSIM,DYToEE_NNPDF30_13TeV-powheg-pythia8,1803,"49,992,000","49,986,588",1,0,1,0,-999,"Cross section, filter efficiency, filter efficiency error, match efficiencty, match efficiency error, negative weights fraction not listed",EGM-RunIIWinter15GS-00013
ST_t-channel_4f_leptonDecays_13TeV-amcatnlo,/ST_t-channel_4f_leptonDecays_13TeV-amcatnlo-pythia8_TuneCUETP8M1/RunIISpring16MiniAODv2-premix_withHLT_80X_mcRun2_asymptotic_v14_ext1-v1/MINIAODSIM,ST_t-channel_4f_leptonDecays_13TeV-amcatnlo-pythia8_TuneCUETP8M1,216.99,"19,988,066","19,835,374",1,0,1,0,-999,"Cross section, filter efficiency, filter efficiency error, match efficiencty, match efficiency error, negative weights fraction not listed",TOP-RunIIWinter15GS-00069
ST_t-channel_top_4f_inclusiveDecays_13TeV-powheg,/ST_t-channel_top_4f_inclusiveDecays_TuneCUETP8M2T4_13TeV-powhegV2-madspin/RunIISummer16MiniAODv2-PUMoriond17_80X_mcRun2_asymptotic_2016_TrancheIV_v6-v1/MINIAODSIM,ST_t-channel_top_4f_inclusiveDecays_TuneCUETP8M2T4_13TeV-powhegV2-madspin,,"5,999,276","5,993,676",,,,,,,
ST_tW_antitop_5f_DS_NoFullyHadronicDecays_13TeV-powheg-pythia8,/ST_tW_antitop_5f_DS_NoFullyHadronicDecays_13TeV-powheg-pythia8/RunIISummer16MiniAODv2-PUMoriond17_80X_mcRun2_asymptotic_2016_TrancheIV_v6-v1/MINIAODSIM,ST_tW_antitop_5f_DS_NoFullyHadronicDecays_13TeV-powheg-pythia8,38.09,"3,000,000","3,257,313",0.5,0,1,0,-1,"Cross section, filter efficiency, filter efficiency error, match efficiencty, match efficiency error, negative weights fraction not listed",TOP-RunIISummer15wmLHEGS-00183
ST_tW_antitop_5f_fsrup_NoFullyHadronicDecays_13TeV-powheg,/ST_tW_antitop_5f_fsrup_NoFullyHadronicDecays_13TeV-powheg/RunIISummer16MiniAODv2-PUMoriond17_80X_mcRun2_asymptotic_2016_TrancheIV_v6-v1/MINIAODSIM,ST_tW_antitop_5f_fsrup_NoFullyHadronicDecays_13TeV-powheg,38.09,"3,000,000","3,001,597",0.5,0,1,0,-1,"Cross section, filter efficiency, filter efficiency error, match efficiencty, match efficiency error, negative weights fraction not listed",TOP-RunIISummer15wmLHEGS-00200
ST_tW_antitop_5f_isrup_NoFullyHadronicDecays_13TeV-powheg,/ST_tW_antitop_5f_isrup_NoFullyHadronicDecays_13TeV-powheg/RunIISummer16MiniAODv2-PUMoriond17_80X_mcRun2_asymptotic_2016_TrancheIV_v6-v1/MINIAODSIM,ST_tW_antitop_5f_isrup_NoFullyHadronicDecays_13TeV-powheg,38.09,"3,000,000","3,076,356",0.5,0,1,0,-1,"Cross section, filter efficiency, filter efficiency error, match efficiencty, match efficiency error, negative weights fraction not listed",TOP-RunIISummer15wmLHEGS-00196
ST_tW_antitop_5f_MEscaleup_NoFullyHadronicDecays_13TeV-powheg,/ST_tW_antitop_5f_MEscaleup_NoFullyHadronicDecays_13TeV-powheg/RunIISummer16MiniAODv2-PUMoriond17_80X_mcRun2_asymptotic_2016_TrancheIV_v6-v1/MINIAODSIM,ST_tW_antitop_5f_MEscaleup_NoFullyHadronicDecays_13TeV-powheg,38.09,"3,000,000","1,607,001",1,0,1,0,-1,"Cross section, filter efficiency, filter efficiency error, match efficiencty, match efficiency error, negative weights fraction not listed",TOP-RunIISummer15wmLHEGS-00202
ST_tW_antitop_5f_mtop1695_NoFullyHadronicDecays_13TeV-powheg-pythia8,/ST_tW_antitop_5f_mtop1695_NoFullyHadronicDecays_13TeV-powheg-pythia8/RunIISummer16MiniAODv2-PUMoriond17_80X_mcRun2_asymptotic_2016_TrancheIV_v6-v1/MINIAODSIM,ST_tW_antitop_5f_mtop1695_NoFullyHadronicDecays_13TeV-powheg-pythia8,38.09,"3,000,000","3,028,578",0.5,0,1,0,-1,"Cross section, filter efficiency, filter efficiency error, match efficiencty, match efficiency error, negative weights fraction not listed",TOP-RunIISummer15wmLHEGS-00191
ST_tW_antitop_5f_mtop1755_NoFullyHadronicDecays_13TeV-powheg-pythia8,/ST_tW_antitop_5f_mtop1755_NoFullyHadronicDecays_13TeV-powheg-pythia8/RunIISummer16MiniAODv2-PUMoriond17_80X_mcRun2_asymptotic_2016_TrancheIV_v6-v1/MINIAODSIM,ST_tW_antitop_5f_mtop1755_NoFullyHadronicDecays_13TeV-powheg-pythia8,38.09,"3,000,000","3,253,487",0.5,0,1,0,-1,"Cross section, filter efficiency, filter efficiency error, match efficiencty, match efficiency error, negative weights fraction not listed",TOP-RunIISummer15wmLHEGS-00193
ST_tW_antitop_5f_NoFullyHadronicDecays,/ST_tW_antitop_5f_NoFullyHadronicDecays_13TeV-powheg_TuneCUETP8M1/RunIISummer16MiniAODv2-PUMoriond17_80X_mcRun2_asymptotic_2016_TrancheIV_v6-v1/MINIAODSIM,ST_tW_antitop_5f_NoFullyHadronicDecays_13TeV-powheg_TuneCUETP8M1,,"5,428,928","5,425,134",,,,,,,
ST_tW_antitop_5f_NoFullyHadronicDecays_13TeV-powheg_herwigpp,/ST_tW_antitop_5f_NoFullyHadronicDecays_13TeV-powheg_herwigpp/RunIISummer16MiniAODv2-PUMoriond17_80X_mcRun2_asymptotic_2016_TrancheIV_v6-v1/MINIAODSIM,ST_tW_antitop_5f_NoFullyHadronicDecays_13TeV-powheg_herwigpp,38.09,"3,000,000","3,216,427",0.5,0,1,0,-1,"Cross section, filter efficiency, filter efficiency error, match efficiencty, match efficiency error, negative weights fraction not listed",TOP-RunIISummer15wmLHEGS-00189
ST_tW_antitop_5f_NoFullyHadronicDecays_ext1,/ST_tW_antitop_5f_NoFullyHadronicDecays_13TeV-powheg_TuneCUETP8M1/RunIISummer16MiniAODv2-PUMoriond17_80X_mcRun2_asymptotic_2016_TrancheIV_v6_ext1-v1/MINIAODSIM,ST_tW_antitop_5f_NoFullyHadronicDecays_13TeV-powheg_TuneCUETP8M1,38.09,"3,256,407","3,256,407",1,0,1,0,-1,"Cross section, filter efficiency, filter efficiency error, match efficiencty, match efficiency error, negative weights fraction not listed",SUS-RunIISummer15wmLHEGS-00045
ST_tW_antitop_5f_NoFullyHadronicDecays_ext2,/ST_tW_antitop_5f_NoFullyHadronicDecays_13TeV-powheg_TuneCUETP8M1/RunIISummer16MiniAODv2-80X_mcRun2_asymptotic_2016_TrancheIV_v6_ext2-v2/MINIAODSIM,ST_tW_antitop_5f_NoFullyHadronicDecays_13TeV-powheg_TuneCUETP8M1,,,,,,,,,,
ST_tW_antitop_5f_PSscaleup_NoFullyHadronicDecays_13TeV-powheg-pythia8,/ST_tW_antitop_5f_PSscaleup_NoFullyHadronicDecays_13TeV-powheg-pythia8/RunIISummer16MiniAODv2-PUMoriond17_80X_mcRun2_asymptotic_2016_TrancheIV_v6-v1/MINIAODSIM,ST_tW_antitop_5f_PSscaleup_NoFullyHadronicDecays_13TeV-powheg-pythia8,,,,,,,,,,
ST_tW_antitop_fsrdown_5f_NoFullyHadronicDecays_13TeV-powheg,/ST_tW_antitop_fsrdown_5f_NoFullyHadronicDecays_13TeV-powheg/RunIISummer16MiniAODv2-PUMoriond17_80X_mcRun2_asymptotic_2016_TrancheIV_v6-v1/MINIAODSIM,ST_tW_antitop_fsrdown_5f_NoFullyHadronicDecays_13TeV-powheg,,,,,,,,,,
ST_tW_antitop_isrdown_5f_NoFullyHadronicDecays_13TeV-powheg,/ST_tW_antitop_isrdown_5f_NoFullyHadronicDecays_13TeV-powheg/RunIISummer16MiniAODv2-PUMoriond17_80X_mcRun2_asymptotic_2016_TrancheIV_v6-v1/MINIAODSIM,ST_tW_antitop_isrdown_5f_NoFullyHadronicDecays_13TeV-powheg,,,,,,,,,,
ST_tW_antitop_MEscaledown_5f_NoFullyHadronicDecays_13TeV-powheg,/ST_tW_antitop_MEscaledown_5f_NoFullyHadronicDecays_13TeV-powheg/RunIISummer16MiniAODv2-PUMoriond17_80X_mcRun2_asymptotic_2016_TrancheIV_v6-v1/MINIAODSIM,ST_tW_antitop_MEscaledown_5f_NoFullyHadronicDecays_13TeV-powheg,,,,,,,,,,
ST_tW_antitop_PSscaledown_5f_NoFullyHadronicDecays_13TeV-powheg-pythia8,/ST_tW_antitop_PSscaledown_5f_NoFullyHadronicDecays_13TeV-powheg-pythia8/RunIISummer16MiniAODv2-PUMoriond17_80X_mcRun2_asymptotic_2016_TrancheIV_v6-v1/MINIAODSIM,ST_tW_antitop_PSscaledown_5f_NoFullyHadronicDecays_13TeV-powheg-pythia8,,,,,,,,,,
ST_tW_tcgFCNC_leptonDecays_Madgraph,/ST_tW_tcgFCNC_leptonDecays_Madgraph/RunIISummer16MiniAODv2-PUMoriond17_80X_mcRun2_asymptotic_2016_TrancheIV_v6-v1/MINIAODSIM,ST_tW_tcgFCNC_leptonDecays_Madgraph,,,,,,,,,,
ST_tW_top_5f_DS_NoFullyHadronicDecays_13TeV-powheg-pythia8_TuneCUETP8M1,/ST_tW_top_5f_DS_NoFullyHadronicDecays_13TeV-powheg-pythia8_TuneCUETP8M1/RunIISummer16MiniAODv2-PUMoriond17_80X_mcRun2_asymptotic_2016_TrancheIV_v6-v1/MINIAODSIM,ST_tW_top_5f_DS_NoFullyHadronicDecays_13TeV-powheg-pythia8_TuneCUETP8M1,,,,,,,,,,
ST_tW_top_5f_fsrup_NoFullyHadronicDecays_13TeV-powheg,/ST_tW_top_5f_fsrup_NoFullyHadronicDecays_13TeV-powheg/RunIISummer16MiniAODv2-PUMoriond17_80X_mcRun2_asymptotic_2016_TrancheIV_v6-v1/MINIAODSIM,ST_tW_top_5f_fsrup_NoFullyHadronicDecays_13TeV-powheg,,,,,,,,,,
ST_tW_top_5f_isrup_NoFullyHadronicDecays_13TeV-powheg,/ST_tW_top_5f_isrup_NoFullyHadronicDecays_13TeV-powheg/RunIISummer16MiniAODv2-PUMoriond17_80X_mcRun2_asymptotic_2016_TrancheIV_v6-v1/MINIAODSIM,ST_tW_top_5f_isrup_NoFullyHadronicDecays_13TeV-powheg,,,,,,,,,,
ST_tW_top_5f_MEscaleup_NoFullyHadronicDecays_13TeV-powheg,/ST_tW_top_5f_MEscaleup_NoFullyHadronicDecays_13TeV-powheg/RunIISummer16MiniAODv2-PUMoriond17_80X_mcRun2_asymptotic_2016_TrancheIV_v6-v1/MINIAODSIM,ST_tW_top_5f_MEscaleup_NoFullyHadronicDecays_13TeV-powheg,,,,,,,,,,
ST_tW_top_5f_mtop1695_NoFullyHadronicDecays_13TeV-powheg-pythia8,/ST_tW_top_5f_mtop1695_NoFullyHadronicDecays_13TeV-powheg-pythia8/RunIISummer16MiniAODv2-PUMoriond17_80X_mcRun2_asymptotic_2016_TrancheIV_v6-v1/MINIAODSIM,ST_tW_top_5f_mtop1695_NoFullyHadronicDecays_13TeV-powheg-pythia8,,,,,,,,,,
ST_tW_top_5f_mtop1755_NoFullyHadronicDecays_13TeV-powheg-pythia8,/ST_tW_top_5f_mtop1755_NoFullyHadronicDecays_13TeV-powheg-pythia8/RunIISummer16MiniAODv2-PUMoriond17_80X_mcRun2_asymptotic_2016_TrancheIV_v6-v1/MINIAODSIM,ST_tW_top_5f_mtop1755_NoFullyHadronicDecays_13TeV-powheg-pythia8,,,,,,,,,,
ST_tW_top_5f_NoFullyHadronicDecays,/ST_tW_top_5f_NoFullyHadronicDecays_13TeV-powheg_TuneCUETP8M1/RunIISummer16MiniAODv2-PUMoriond17_80X_mcRun2_asymptotic_2016_TrancheIV_v6-v1/MINIAODSIM,ST_tW_top_5f_NoFullyHadronicDecays_13TeV-powheg_TuneCUETP8M1,,,,,,,,,,
ST_tW_top_5f_NoFullyHadronicDecays_13TeV-powheg_herwigpp,/ST_tW_top_5f_NoFullyHadronicDecays_13TeV-powheg_herwigpp/RunIISummer16MiniAODv2-PUMoriond17_80X_mcRun2_asymptotic_2016_TrancheIV_v6-v1/MINIAODSIM,ST_tW_top_5f_NoFullyHadronicDecays_13TeV-powheg_herwigpp,,,,,,,,,,
ST_tW_top_5f_NoFullyHadronicDecays_ext1,/ST_tW_top_5f_NoFullyHadronicDecays_13TeV-powheg_TuneCUETP8M1/RunIISummer16MiniAODv2-PUMoriond17_80X_mcRun2_asymptotic_2016_TrancheIV_v6_ext1-v1/MINIAODSIM,ST_tW_top_5f_NoFullyHadronicDecays_13TeV-powheg_TuneCUETP8M1,,,,,,,,,,
ST_tW_top_5f_NoFullyHadronicDecays_ext2,/ST_tW_top_5f_NoFullyHadronicDecays_13TeV-powheg_TuneCUETP8M1/RunIISummer16MiniAODv2-80X_mcRun2_asymptotic_2016_TrancheIV_v6_ext2-v2/MINIAODSIM,ST_tW_top_5f_NoFullyHadronicDecays_13TeV-powheg_TuneCUETP8M1,,,,,,,,,,
ST_tW_top_5f_PSscaleup_NoFullyHadronicDecays_13TeV-powheg-pythia8,/ST_tW_top_5f_PSscaleup_NoFullyHadronicDecays_13TeV-powheg-pythia8/RunIISummer16MiniAODv2-PUMoriond17_80X_mcRun2_asymptotic_2016_TrancheIV_v6-v1/MINIAODSIM,ST_tW_top_5f_PSscaleup_NoFullyHadronicDecays_13TeV-powheg-pythia8,,,,,,,,,,
ST_tW_top_fsrdown_5f_NoFullyHadronicDecays_13TeV-powheg,/ST_tW_top_fsrdown_5f_NoFullyHadronicDecays_13TeV-powheg/RunIISummer16MiniAODv2-PUMoriond17_80X_mcRun2_asymptotic_2016_TrancheIV_v6-v1/MINIAODSIM,ST_tW_top_fsrdown_5f_NoFullyHadronicDecays_13TeV-powheg,,,,,,,,,,
ST_tW_top_isrdown_5f_NoFullyHadronicDecays_13TeV-powheg,/ST_tW_top_isrdown_5f_NoFullyHadronicDecays_13TeV-powheg/RunIISummer16MiniAODv2-PUMoriond17_80X_mcRun2_asymptotic_2016_TrancheIV_v6-v1/MINIAODSIM,ST_tW_top_isrdown_5f_NoFullyHadronicDecays_13TeV-powheg,,,,,,,,,,
ST_tW_top_MEscaledown_5f_NoFullyHadronicDecays_13TeV-powheg,/ST_tW_top_MEscaledown_5f_NoFullyHadronicDecays_13TeV-powheg/RunIISummer16MiniAODv2-PUMoriond17_80X_mcRun2_asymptotic_2016_TrancheIV_v6-v1/MINIAODSIM,ST_tW_top_MEscaledown_5f_NoFullyHadronicDecays_13TeV-powheg,,,,,,,,,,
ST_tW_top_PSscaledown_5f_NoFullyHadronicDecays_13TeV-powheg-pythia8,/ST_tW_top_PSscaledown_5f_NoFullyHadronicDecays_13TeV-powheg-pythia8/RunIISummer16MiniAODv2-PUMoriond17_80X_mcRun2_asymptotic_2016_TrancheIV_v6-v1/MINIAODSIM,ST_tW_top_PSscaledown_5f_NoFullyHadronicDecays_13TeV-powheg-pythia8,,,,,,,,,,
ST_tW_tugFCNC_leptonDecays_Madgraph,/ST_tW_tugFCNC_leptonDecays_Madgraph/RunIISummer16MiniAODv2-PUMoriond17_80X_mcRun2_asymptotic_2016_TrancheIV_v6-v1/MINIAODSIM,ST_tW_tugFCNC_leptonDecays_Madgraph,,,,,,,,,,
TT_hdampDOWN_TuneCUETP8M2T4_13TeV-powheg-pythia8,/TT_hdampDOWN_TuneCUETP8M2T4_13TeV-powheg-pythia8/RunIISummer16MiniAODv2-PUMoriond17_80X_mcRun2_asymptotic_2016_TrancheIV_v6-v1/MINIAODSIM,TT_hdampDOWN_TuneCUETP8M2T4_13TeV-powheg-pythia8,,,,,,,,,,
TT_hdampUP_TuneCUETP8M2T4_13TeV-powheg-pythia8,/TT_hdampUP_TuneCUETP8M2T4_13TeV-powheg-pythia8/RunIISummer16MiniAODv2-PUMoriond17_80X_mcRun2_asymptotic_2016_TrancheIV_v6-v1/MINIAODSIM,TT_hdampUP_TuneCUETP8M2T4_13TeV-powheg-pythia8,,,,,,,,,,
TT_hdampUP_TuneCUETP8M2T4_13TeV-powheg-pythia8_ext1,/TT_hdampUP_TuneCUETP8M2T4_13TeV-powheg-pythia8/RunIISummer16MiniAODv2-PUMoriond17_80X_mcRun2_asymptotic_2016_TrancheIV_v6_ext1-v1/MINIAODSIM,TT_hdampUP_TuneCUETP8M2T4_13TeV-powheg-pythia8,,,,,,,,,,
TT_TuneCUETP8M2T4_13TeV-powheg-colourFlip-pythia8,/TT_TuneCUETP8M2T4_13TeV-powheg-colourFlip-pythia8/RunIISummer16MiniAODv2-PUMoriond17_80X_mcRun2_asymptotic_2016_TrancheIV_v6-v1/MINIAODSIM,TT_TuneCUETP8M2T4_13TeV-powheg-colourFlip-pythia8,,,,,,,,,,
TT_TuneCUETP8M2T4_13TeV-powheg-fsrdown-pythia8,/TT_TuneCUETP8M2T4_13TeV-powheg-fsrdown-pythia8/RunIISummer16MiniAODv2-PUMoriond17_80X_mcRun2_asymptotic_2016_TrancheIV_v6-v1/MINIAODSIM,TT_TuneCUETP8M2T4_13TeV-powheg-fsrdown-pythia8,,,,,,,,,,
TT_TuneCUETP8M2T4_13TeV-powheg-fsrup-pythia8,/TT_TuneCUETP8M2T4_13TeV-powheg-fsrup-pythia8/RunIISummer16MiniAODv2-PUMoriond17_80X_mcRun2_asymptotic_2016_TrancheIV_v6-v1/MINIAODSIM,TT_TuneCUETP8M2T4_13TeV-powheg-fsrup-pythia8,,,,,,,,,,
TT_TuneCUETP8M2T4_13TeV-powheg-isrdown-pythia8,/TT_TuneCUETP8M2T4_13TeV-powheg-isrdown-pythia8/RunIISummer16MiniAODv2-PUMoriond17_80X_mcRun2_asymptotic_2016_TrancheIV_v6-v1/MINIAODSIM,TT_TuneCUETP8M2T4_13TeV-powheg-isrdown-pythia8,,,,,,,,,,
TT_TuneCUETP8M2T4_13TeV-powheg-isrup-pythia8,/TT_TuneCUETP8M2T4_13TeV-powheg-isrup-pythia8/RunIISummer16MiniAODv2-PUMoriond17_80X_mcRun2_asymptotic_2016_TrancheIV_v6_ext1-v1/MINIAODSIM,TT_TuneCUETP8M2T4_13TeV-powheg-isrup-pythia8,,,,,,,,,,
TT_TuneCUETP8M2T4_13TeV-powheg-MiniAOD,/TT_TuneCUETP8M2T4_13TeV-powheg-pythia8/RunIISummer16MiniAODv2-PUMoriond17_80X_mcRun2_asymptotic_2016_TrancheIV_v6-v1/MINIAODSIM,TT_TuneCUETP8M2T4_13TeV-powheg-pythia8,,,,,,,,,,
TT_TuneCUETP8M2T4_erdON_13TeV-powheg-pythia8,/TT_TuneCUETP8M2T4_erdON_13TeV-powheg-pythia8/RunIISummer16MiniAODv2-PUMoriond17_80X_mcRun2_asymptotic_2016_TrancheIV_v6-v1/MINIAODSIM,TT_TuneCUETP8M2T4_erdON_13TeV-powheg-pythia8,,,,,,,,,,
TT_TuneCUETP8M2T4_GluonMoveCRTune_13TeV-powheg-pythia8,/TT_TuneCUETP8M2T4_GluonMoveCRTune_13TeV-powheg-pythia8/RunIISummer16MiniAODv2-PUMoriond17_80X_mcRun2_asymptotic_2016_TrancheIV_v6-v1/MINIAODSIM,TT_TuneCUETP8M2T4_GluonMoveCRTune_13TeV-powheg-pythia8,,,,,,,,,,
TT_TuneCUETP8M2T4_mtop1665_13TeV-powheg-pythia8,/TT_TuneCUETP8M2T4_mtop1665_13TeV-powheg-pythia8/RunIISummer16MiniAODv2-PUMoriond17_80X_mcRun2_asymptotic_2016_TrancheIV_v6-v1/MINIAODSIM,TT_TuneCUETP8M2T4_mtop1665_13TeV-powheg-pythia8,,,,,,,,,,
TT_TuneCUETP8M2T4_mtop1695_13TeV-powheg-pythia8,/TT_TuneCUETP8M2T4_mtop1695_13TeV-powheg-pythia8/RunIISummer16MiniAODv2-PUMoriond17_80X_mcRun2_asymptotic_2016_TrancheIV_v6_ext2-v1/MINIAODSIM,TT_TuneCUETP8M2T4_mtop1695_13TeV-powheg-pythia8,,,,,,,,,,
TT_TuneCUETP8M2T4_mtop1755_13TeV-powheg-pythia8,/TT_TuneCUETP8M2T4_mtop1755_13TeV-powheg-pythia8/RunIISummer16MiniAODv2-PUMoriond17_80X_mcRun2_asymptotic_2016_TrancheIV_v6-v1/MINIAODSIM,TT_TuneCUETP8M2T4_mtop1755_13TeV-powheg-pythia8,,,,,,,,,,
TT_TuneCUETP8M2T4_mtop1785_13TeV-powheg-pythia8,/TT_TuneCUETP8M2T4_mtop1785_13TeV-powheg-pythia8/RunIISummer16MiniAODv2-PUMoriond17_80X_mcRun2_asymptotic_2016_TrancheIV_v6-v1/MINIAODSIM,TT_TuneCUETP8M2T4_mtop1785_13TeV-powheg-pythia8,,,,,,,,,,
TT_TuneCUETP8M2T4_QCDbasedCRTune_erdON_13TeV-powheg-pythia8,/TT_TuneCUETP8M2T4_QCDbasedCRTune_erdON_13TeV-powheg-pythia8/RunIISummer16MiniAODv2-PUMoriond17_80X_mcRun2_asymptotic_2016_TrancheIV_v6-v1/MINIAODSIM,TT_TuneCUETP8M2T4_QCDbasedCRTune_erdON_13TeV-powheg-pythia8,,,,,,,,,,
TT_TuneCUETP8M2T4down_13TeV-powheg-pythia8,/TT_TuneCUETP8M2T4down_13TeV-powheg-pythia8/RunIISummer16MiniAODv2-PUMoriond17_80X_mcRun2_asymptotic_2016_TrancheIV_v6-v1/MINIAODSIM,TT_TuneCUETP8M2T4down_13TeV-powheg-pythia8,,,,,,,,,,
TT_TuneCUETP8M2T4up_13TeV-powheg-pythia8,/TT_TuneCUETP8M2T4up_13TeV-powheg-pythia8/RunIISummer16MiniAODv2-PUMoriond17_80X_mcRun2_asymptotic_2016_TrancheIV_v6-v1/MINIAODSIM,TT_TuneCUETP8M2T4up_13TeV-powheg-pythia8,,,,,,,,,,
TT_TuneEE5C_13TeV-powheg-herwigpp,/TT_TuneEE5C_13TeV-powheg-herwigpp/RunIISummer16MiniAODv2-PUMoriond17_80X_mcRun2_asymptotic_2016_TrancheIV_v6-v1/MINIAODSIM,TT_TuneEE5C_13TeV-powheg-herwigpp,730,"29,434,434","29,412,687",1,0,1,0,0,"Cross section, filter efficiency, filter efficiency error, match efficiencty, match efficiency error, negative weights fraction",TOP-RunIISummer15GS-00046
TT_TuneEE5C_13TeV-powheg-herwigpp_ext2,/TT_TuneEE5C_13TeV-powheg-herwigpp/RunIISummer16MiniAODv2-PUMoriond17_80X_mcRun2_asymptotic_2016_TrancheIV_v6_ext2-v1/MINIAODSIM,TT_TuneEE5C_13TeV-powheg-herwigpp,730,"19,899,312","19,762,915",1,0,1,0,0,"Cross section, filter efficiency, filter efficiency error, match efficiencty, match efficiency error, negative weights fraction",TOP-RunIIWinter15GS-00041
TT_TuneEE5C_13TeV-powheg-herwigpp_ext3,/TT_TuneEE5C_13TeV-powheg-herwigpp/RunIISummer16MiniAODv2-PUMoriond17_80X_mcRun2_asymptotic_2016_TrancheIV_v6_ext3-v1/MINIAODSIM,TT_TuneEE5C_13TeV-powheg-herwigpp,730,"10,000,000","9,998,863",1,0,1,0,0,"Cross section, filter efficiency, filter efficiency error, match efficiencty, match efficiency error, negative weights fraction",TOP-RunIISummer15GS-00046
TTJets_Dilept_TuneCUETP8M2T4_amcatnloFXFX,/TTJets_Dilept_TuneCUETP8M2T4_13TeV-amcatnloFXFX-pythia8/RunIISummer16MiniAODv2-PUMoriond17_80X_mcRun2_asymptotic_2016_TrancheIV_v6-v1/MINIAODSIM,TTJets_Dilept_TuneCUETP8M2T4_13TeV-amcatnloFXFX-pythia8,,,,,,,,,,
TTJets_Dilept_TuneCUETP8M2T4_amcatnloFXFX_ext1,/TTJets_Dilept_TuneCUETP8M2T4_13TeV-amcatnloFXFX-pythia8/RunIISummer16MiniAODv2-PUMoriond17_80X_mcRun2_asymptotic_2016_TrancheIV_v6_ext1-v1/MINIAODSIM,TTJets_Dilept_TuneCUETP8M2T4_13TeV-amcatnloFXFX-pythia8,,,,,,,,,,
TTJets_TuneCUETP8M1_13TeV-madgraphMLM-pythia8,/TTJets_TuneCUETP8M1_13TeV-madgraphMLM-pythia8/RunIISummer16MiniAODv2-PUMoriond17_80X_mcRun2_asymptotic_2016_TrancheIV_v6-v1/MINIAODSIM,TTJets_TuneCUETP8M1_13TeV-madgraphMLM-pythia8,,,,,,,,,,
TTTo2L2Nu_noSC_13TeV-powheg-pythia8,/TTTo2L2Nu_noSC_TuneCUETP8M2T4_13TeV-powheg-pythia8/RunIISummer16MiniAODv2-PUMoriond17_80X_mcRun2_asymptotic_2016_TrancheIV_v6-v1/MINIAODSIM,TTTo2L2Nu_noSC_TuneCUETP8M2T4_13TeV-powheg-pythia8,,,,,,,,,,
TTTo2L2Nu_noSC_TuneCUETP8M2T4_13TeV-powheg-MiniAOD,/TTTo2L2Nu_noSC_TuneCUETP8M2T4_13TeV-powheg-pythia8/RunIISummer16MiniAODv2-PUMoriond17_80X_mcRun2_asymptotic_2016_TrancheIV_v6-v1/MINIAODSIM,TTTo2L2Nu_noSC_TuneCUETP8M2T4_13TeV-powheg-pythia8,,,,,,,,,,
TTTo2L2Nu_TuneCUETP8M2_ttHtranche3_13TeV-powheg-MiniAOD,/TTTo2L2Nu_TuneCUETP8M2_ttHtranche3_13TeV-powheg-pythia8/RunIISummer16MiniAODv2-PUMoriond17_80X_mcRun2_asymptotic_2016_TrancheIV_v6-v1/MINIAODSIM,TTTo2L2Nu_TuneCUETP8M2_ttHtranche3_13TeV-powheg-pythia8,,,,,,,,,,
TTTo2L2Nu_TuneCUETP8M2_ttHtranche3_13TeV-powheg-pythia8,/TTTo2L2Nu_TuneCUETP8M2_ttHtranche3_13TeV-powheg-pythia8/RunIISummer16MiniAODv2-PUMoriond17_80X_mcRun2_asymptotic_2016_TrancheIV_v6-v1/MINIAODSIM,TTTo2L2Nu_TuneCUETP8M2_ttHtranche3_13TeV-powheg-pythia8,,,,,,,,,,
TTToLL_MLL_1200To1800_TuneCUETP8M1_13TeV-powheg-MiniAOD,/TTToLL_MLL_1200To1800_TuneCUETP8M1_13TeV-powheg-pythia8/RunIISummer16MiniAODv2-PUMoriond17_80X_mcRun2_asymptotic_2016_TrancheIV_v6-v1/MINIAODSIM,TTToLL_MLL_1200To1800_TuneCUETP8M1_13TeV-powheg-pythia8,,,,,,,,,,
TTToLL_MLL_1800ToInf_TuneCUETP8M1_13TeV-powheg-MiniAOD,/TTToLL_MLL_1800ToInf_TuneCUETP8M1_13TeV-powheg-pythia8/RunIISummer16MiniAODv2-PUMoriond17_80X_mcRun2_asymptotic_2016_TrancheIV_v6-v1/MINIAODSIM,TTToLL_MLL_1800ToInf_TuneCUETP8M1_13TeV-powheg-pythia8,,,,,,,,,,
TTToLL_MLL_500To800_TuneCUETP8M1_13TeV-powheg-MiniAOD,/TTToLL_MLL_500To800_TuneCUETP8M1_13TeV-powheg-pythia8/RunIISummer16MiniAODv2-PUMoriond17_80X_mcRun2_asymptotic_2016_TrancheIV_v6-v1/MINIAODSIM,TTToLL_MLL_500To800_TuneCUETP8M1_13TeV-powheg-pythia8,,,,,,,,,,
TTToLL_MLL_800To1200_TuneCUETP8M1_13TeV-powheg-MiniAOD,/TTToLL_MLL_800To1200_TuneCUETP8M1_13TeV-powheg-pythia8/RunIISummer16MiniAODv2-PUMoriond17_80X_mcRun2_asymptotic_2016_TrancheIV_v6-v1/MINIAODSIM,TTToLL_MLL_800To1200_TuneCUETP8M1_13TeV-powheg-pythia8,,,,,,,,,,
WJetsToLNu_Pt-100To250_TuneCUETP8M1_13TeV-amcatnlo-MiniAOD,/WJetsToLNu_Pt-100To250_TuneCUETP8M1_13TeV-amcatnloFXFX-pythia8/RunIISummer16MiniAODv2-PUMoriond17_80X_mcRun2_asymptotic_2016_TrancheIV_v6-v1/MINIAODSIM,WJetsToLNu_Pt-100To250_TuneCUETP8M1_13TeV-amcatnloFXFX-pythia8,,,,,,,,,,
WJetsToLNu_Pt-100To250_TuneCUETP8M1_13TeV-amcatnlo-MiniAOD_ext1,/WJetsToLNu_Pt-100To250_TuneCUETP8M1_13TeV-amcatnloFXFX-pythia8/RunIISummer16MiniAODv2-PUMoriond17_80X_mcRun2_asymptotic_2016_TrancheIV_v6_ext1-v1/MINIAODSIM,WJetsToLNu_Pt-100To250_TuneCUETP8M1_13TeV-amcatnloFXFX-pythia8,,,,,,,,,,
WJetsToLNu_Pt-100To250_TuneCUETP8M1_13TeV-amcatnlo-MiniAOD_ext4,/WJetsToLNu_Pt-100To250_TuneCUETP8M1_13TeV-amcatnloFXFX-pythia8/RunIISummer16MiniAODv2-PUMoriond17_80X_mcRun2_asymptotic_2016_TrancheIV_v6_ext4-v1/MINIAODSIM,WJetsToLNu_Pt-100To250_TuneCUETP8M1_13TeV-amcatnloFXFX-pythia8,,,,,,,,,,
WJetsToLNu_Pt-250To400_TuneCUETP8M1_13TeV-amcatnlo-MiniAOD,/WJetsToLNu_Pt-250To400_TuneCUETP8M1_13TeV-amcatnloFXFX-pythia8/RunIISummer16MiniAODv2-PUMoriond17_80X_mcRun2_asymptotic_2016_TrancheIV_v6-v1/MINIAODSIM,WJetsToLNu_Pt-250To400_TuneCUETP8M1_13TeV-amcatnloFXFX-pythia8,,,,,,,,,,
WJetsToLNu_Pt-250To400_TuneCUETP8M1_13TeV-amcatnlo-MiniAOD_ext1,/WJetsToLNu_Pt-250To400_TuneCUETP8M1_13TeV-amcatnloFXFX-pythia8/RunIISummer16MiniAODv2-PUMoriond17_80X_mcRun2_asymptotic_2016_TrancheIV_v6_ext1-v1/MINIAODSIM,WJetsToLNu_Pt-250To400_TuneCUETP8M1_13TeV-amcatnloFXFX-pythia8,,,,,,,,,,
WJetsToLNu_Pt-250To400_TuneCUETP8M1_13TeV-amcatnlo-MiniAOD_ext4,/WJetsToLNu_Pt-250To400_TuneCUETP8M1_13TeV-amcatnloFXFX-pythia8/RunIISummer16MiniAODv2-PUMoriond17_80X_mcRun2_asymptotic_2016_TrancheIV_v6_ext4-v1/MINIAODSIM,WJetsToLNu_Pt-250To400_TuneCUETP8M1_13TeV-amcatnloFXFX-pythia8,,,,,,,,,,
WJetsToLNu_Pt-400To600_TuneCUETP8M1_13TeV-amcatnlo-MiniAOD,/WJetsToLNu_Pt-400To600_TuneCUETP8M1_13TeV-amcatnloFXFX-pythia8/RunIISummer16MiniAODv2-PUMoriond17_80X_mcRun2_asymptotic_2016_TrancheIV_v6-v1/MINIAODSIM,WJetsToLNu_Pt-400To600_TuneCUETP8M1_13TeV-amcatnloFXFX-pythia8,,,,,,,,,,
WJetsToLNu_Pt-400To600_TuneCUETP8M1_13TeV-amcatnlo-MiniAOD_ext1,/WJetsToLNu_Pt-400To600_TuneCUETP8M1_13TeV-amcatnloFXFX-pythia8/RunIISummer16MiniAODv2-PUMoriond17_80X_mcRun2_asymptotic_2016_TrancheIV_v6_ext1-v1/MINIAODSIM,WJetsToLNu_Pt-400To600_TuneCUETP8M1_13TeV-amcatnloFXFX-pythia8,,,,,,,,,,
WJetsToLNu_Pt-600ToInf_TuneCUETP8M1_13TeV-amcatnlo-MiniAOD,/WJetsToLNu_Pt-600ToInf_TuneCUETP8M1_13TeV-amcatnloFXFX-pythia8/RunIISummer16MiniAODv2-PUMoriond17_80X_mcRun2_asymptotic_2016_TrancheIV_v6-v1/MINIAODSIM,WJetsToLNu_Pt-600ToInf_TuneCUETP8M1_13TeV-amcatnloFXFX-pythia8,,,,,,,,,,
WJetsToLNu_Pt-600ToInf_TuneCUETP8M1_13TeV-amcatnlo-MiniAOD_ext1,/WJetsToLNu_Pt-600ToInf_TuneCUETP8M1_13TeV-amcatnloFXFX-pythia8/RunIISummer16MiniAODv2-PUMoriond17_80X_mcRun2_asymptotic_2016_TrancheIV_v6_ext1-v1/MINIAODSIM,WJetsToLNu_Pt-600ToInf_TuneCUETP8M1_13TeV-amcatnloFXFX-pythia8,,,,,,,,,,
WJetsToLNu_TuneCUETP8M1_13TeV-amcatnlo-MiniAOD,/WJetsToLNu_TuneCUETP8M1_13TeV-amcatnloFXFX-pythia8/RunIISummer16MiniAODv2-PUMoriond17_80X_mcRun2_asymptotic_2016_TrancheIV_v6-v1/MINIAODSIM,WJetsToLNu_TuneCUETP8M1_13TeV-amcatnloFXFX-pythia8,60781.5,,,,,,,,,
WJetsToLNu_TuneCUETP8M1_13TeV-amcatnlo-MiniAOD,/WJetsToLNu_TuneCUETP8M1_13TeV-amcatnloFXFX-pythia8/RunIISummer16MiniAODv2-PUMoriond17_80X_mcRun2_asymptotic_2016_TrancheIV_v6-v1/MINIAODSIM,WJetsToLNu_TuneCUETP8M1_13TeV-amcatnloFXFX-pythia8,,,,,,,,,,
WJetsToLNu_TuneCUETP8M1_13TeV-madgraphMLM-MiniAOD,/WJetsToLNu_TuneCUETP8M1_13TeV-madgraphMLM-pythia8/RunIISummer16MiniAODv2-PUMoriond17_80X_mcRun2_asymptotic_2016_TrancheIV_v6-v1/MINIAODSIM,WJetsToLNu_TuneCUETP8M1_13TeV-madgraphMLM-pythia8,,,,,,,,,,
WJetsToLNu_TuneCUETP8M1_13TeV-madgraphMLM-MiniAOD_ext2,/WJetsToLNu_TuneCUETP8M1_13TeV-madgraphMLM-pythia8/RunIISummer16MiniAODv2-PUMoriond17_80X_mcRun2_asymptotic_2016_TrancheIV_v6_ext2-v1/MINIAODSIM,WJetsToLNu_TuneCUETP8M1_13TeV-madgraphMLM-pythia8,,,,,,,,,,
ZToEE_NNPDF30_13TeV-powheg_M_120_200_MiniAOD,/ZToEE_NNPDF30_13TeV-powheg_M_120_200/RunIISummer16MiniAODv2-PUMoriond17_80X_mcRun2_asymptotic_2016_TrancheIV_v6-v1/MINIAODSIM,ZToEE_NNPDF30_13TeV-powheg_M_120_200,,,,,,,,,,
ZToEE_NNPDF30_13TeV-powheg_M_1400_2300_MiniAOD,/ZToEE_NNPDF30_13TeV-powheg_M_1400_2300/RunIISummer16MiniAODv2-PUMoriond17_80X_mcRun2_asymptotic_2016_TrancheIV_v6-v1/MINIAODSIM,ZToEE_NNPDF30_13TeV-powheg_M_1400_2300,,,,,,,,,,
ZToEE_NNPDF30_13TeV-powheg_M_200_400_MiniAOD,/ZToEE_NNPDF30_13TeV-powheg_M_200_400/RunIISummer16MiniAODv2-PUMoriond17_80X_mcRun2_asymptotic_2016_TrancheIV_v6-v1/MINIAODSIM,ZToEE_NNPDF30_13TeV-powheg_M_200_400,,,,,,,,,,
ZToEE_NNPDF30_13TeV-powheg_M_2300_3500_MiniAOD,/ZToEE_NNPDF30_13TeV-powheg_M_2300_3500/RunIISummer16MiniAODv2-PUMoriond17_80X_mcRun2_asymptotic_2016_TrancheIV_v6-v1/MINIAODSIM,ZToEE_NNPDF30_13TeV-powheg_M_2300_3500,,,,,,,,,,
ZToEE_NNPDF30_13TeV-powheg_M_3500_4500_MiniAOD,/ZToEE_NNPDF30_13TeV-powheg_M_3500_4500/RunIISummer16MiniAODv2-PUMoriond17_80X_mcRun2_asymptotic_2016_TrancheIV_v6-v1/MINIAODSIM,ZToEE_NNPDF30_13TeV-powheg_M_3500_4500,,,,,,,,,,
ZToEE_NNPDF30_13TeV-powheg_M_400_800_MiniAOD,/ZToEE_NNPDF30_13TeV-powheg_M_400_800/RunIISummer16MiniAODv2-PUMoriond17_80X_mcRun2_asymptotic_2016_TrancheIV_v6-v1/MINIAODSIM,ZToEE_NNPDF30_13TeV-powheg_M_400_800,,,,,,,,,,
ZToEE_NNPDF30_13TeV-powheg_M_4500_6000_MiniAOD,/ZToEE_NNPDF30_13TeV-powheg_M_4500_6000/RunIISummer16MiniAODv2-PUMoriond17_80X_mcRun2_asymptotic_2016_TrancheIV_v6-v1/MINIAODSIM,ZToEE_NNPDF30_13TeV-powheg_M_4500_6000,,,,,,,,,,
ZToEE_NNPDF30_13TeV-powheg_M_50_120_MiniAOD,/ZToEE_NNPDF30_13TeV-powheg_M_50_120/RunIISummer16MiniAODv2-PUMoriond17_80X_mcRun2_asymptotic_2016_TrancheIV_v6-v1/MINIAODSIM,ZToEE_NNPDF30_13TeV-powheg_M_50_120,,,,,,,,,,
ZToEE_NNPDF30_13TeV-powheg_M_6000_Inf_MiniAOD,/ZToEE_NNPDF30_13TeV-powheg_M_6000_Inf/RunIISummer16MiniAODv2-PUMoriond17_80X_mcRun2_asymptotic_2016_TrancheIV_v6-v1/MINIAODSIM,ZToEE_NNPDF30_13TeV-powheg_M_6000_Inf,,,,,,,,,,
ZToEE_NNPDF30_13TeV-powheg_M_800_1400_MiniAOD,/ZToEE_NNPDF30_13TeV-powheg_M_800_1400/RunIISummer16MiniAODv2-PUMoriond17_80X_mcRun2_asymptotic_2016_TrancheIV_v6-v1/MINIAODSIM,ZToEE_NNPDF30_13TeV-powheg_M_800_1400,,,,,,,,,,