Tag,Dataset,MCM_dataset,cross_section,total_events,completed_events,filter_efficiency,filter_efficiency_error,match_efficiency,match_efficiency_error,negative_weights_fraction,notes,alternative_dataset_used,nfiles
DYJetsToLL_M-10to50_TuneCUETP8M1_13TeV-amcatnloFXFX-pythia8-MiniAOD,/DYJetsToLL_M-10to50_TuneCUETP8M1_13TeV-amcatnloFXFX-pythia8/RunIISummer16MiniAODv2-PUMoriond17_80X_mcRun2_asymptotic_2016_TrancheIV_v6-v1/MINIAODSIM,DYJetsToLL_M-10to50_TuneCUETP8M1_13TeV-amcatnloFXFX-pythia8,18610,30935823,30920596,1,0,1,0,-999,"Cross section, filter efficiency, filter efficiency error, match efficiencty, match efficiency error, negative weights fraction not listed",SMP-RunIIWinter15wmLHE-00004,1550
DYJetsToLL_M-10to50_TuneCUETP8M1_13TeV-amcatnloFXFX-pythia8-MiniAOD_ext,/DYJetsToLL_M-10to50_TuneCUETP8M1_13TeV-amcatnloFXFX-pythia8/RunIISummer16MiniAODv2-PUMoriond17_80X_mcRun2_asymptotic_2016_TrancheIV_v6-v2/MINIAODSIM,DYJetsToLL_M-10to50_TuneCUETP8M1_13TeV-amcatnloFXFX-pythia8,18590,75000000,65888233,1,0,0.618,0.001,0.2,"Cross section, filter efficiency, filter efficiency error, match efficiencty, match efficiency error, negative weights fraction",SMP-RunIISummer15wmLHEGS-00088,3310
DYJetsToLL_M-10to50_TuneCUETP8M1_13TeV-amcatnloFXFX-pythia8-MiniAOD_ext1,/DYJetsToLL_M-10to50_TuneCUETP8M1_13TeV-amcatnloFXFX-pythia8/RunIISummer16MiniAODv2-PUMoriond17_80X_mcRun2_asymptotic_2016_TrancheIV_v6_ext1-v1/MINIAODSIM,DYJetsToLL_M-10to50_TuneCUETP8M1_13TeV-amcatnloFXFX-pythia8,18590,40547670,40381391,1,0,0.618,0.001,0.2,"Cross section, filter efficiency, filter efficiency error, match efficiencty, match efficiency error, negative weights fraction",SMP-RunIISummer15wmLHEGS-00088,2032
DYJetsToLL_M-50_TuneCUETP8M1_13TeV-amcatnloFXFX-pythia8-MiniAOD,/DYJetsToLL_M-50_TuneCUETP8M1_13TeV-amcatnloFXFX-pythia8/RunIISummer16MiniAODv2-PUMoriond17_80X_mcRun2_asymptotic_2016_TrancheIV_v6_ext2-v1/MINIAODSIM,DYJetsToLL_M-50_TuneCUETP8M1_13TeV-amcatnloFXFX-pythia8,5820,125000000,122055388,1,0,0.3831,0.0137,0.27,"Cross section, filter efficiency, filter efficiency error, match efficiencty, match efficiency error, negative weights fraction",SMP-RunIISummer15wmLHEGS-00025,6133
DYJetsToLL_M-50_TuneCUETP8M1_13TeV-madgraphMLM_MiniAOD,/DYJetsToLL_M-50_TuneCUETP8M1_13TeV-madgraphMLM-pythia8/RunIISummer16MiniAODv2-PUMoriond17_80X_mcRun2_asymptotic_2016_TrancheIV_v6_ext1-v2/MINIAODSIM,DYJetsToLL_M-50_TuneCUETP8M1_13TeV-madgraphMLM-pythia8,1,49748967,49144274,1,0,1,0,-999,"Cross section, filter efficiency, filter efficiency error, match efficiencty, match efficiency error, negative weights fraction not listed",SUS-RunIIWinter15wmLHE-00098,0
DYJetsToLL_Pt-100To250_TuneCUETP8M1_13TeV-amcatnloFXFX-pythia8-MiniAOD,/DYJetsToLL_Pt-100To250_TuneCUETP8M1_13TeV-amcatnloFXFX-pythia8/RunIISummer16MiniAODv2-PUMoriond17_80X_mcRun2_asymptotic_2016_TrancheIV_v6-v2/MINIAODSIM,DYJetsToLL_Pt-100To250_TuneCUETP8M1_13TeV-amcatnloFXFX-pythia8,0,2046961,2040596,1,0,1,0,-1,"Cross section, filter efficiency, filter efficiency error, match efficiencty, match efficiency error, negative weights fraction",EXO-RunIISummer15wmLHEGS-00005,0
DYJetsToLL_Pt-100To250_TuneCUETP8M1_13TeV-amcatnloFXFX-pythia8-MiniAOD_ext1,/DYJetsToLL_Pt-100To250_TuneCUETP8M1_13TeV-amcatnloFXFX-pythia8/RunIISummer16MiniAODv2-PUMoriond17_80X_mcRun2_asymptotic_2016_TrancheIV_v6_ext1-v1/MINIAODSIM,DYJetsToLL_Pt-100To250_TuneCUETP8M1_13TeV-amcatnloFXFX-pythia8,1,2950812,2950812,0.41,0,1,0,-1,"Cross section, filter efficiency, filter efficiency error, match efficiencty, match efficiency error, negative weights fraction",EXO-RunIISummer15wmLHEGS-01008,0
DYJetsToLL_Pt-100To250_TuneCUETP8M1_13TeV-amcatnloFXFX-pythia8-MiniAOD_ext2,/DYJetsToLL_Pt-100To250_TuneCUETP8M1_13TeV-amcatnloFXFX-pythia8/RunIISummer16MiniAODv2-PUMoriond17_80X_mcRun2_asymptotic_2016_TrancheIV_v6_ext2-v1/MINIAODSIM,DYJetsToLL_Pt-100To250_TuneCUETP8M1_13TeV-amcatnloFXFX-pythia8,1,2991815,2991815,0.41,0,1,0,-1,"Cross section, filter efficiency, filter efficiency error, match efficiencty, match efficiency error, negative weights fraction",EXO-RunIISummer15wmLHEGS-01661,0
DYJetsToLL_Pt-100To250_TuneCUETP8M1_13TeV-amcatnloFXFX-pythia8-MiniAOD_ext5,/DYJetsToLL_Pt-100To250_TuneCUETP8M1_13TeV-amcatnloFXFX-pythia8/RunIISummer16MiniAODv2-PUMoriond17_80X_mcRun2_asymptotic_2016_TrancheIV_v6_ext5-v1/MINIAODSIM,DYJetsToLL_Pt-100To250_TuneCUETP8M1_13TeV-amcatnloFXFX-pythia8,1,80000000,76946873,0.41,0,1,0,-1,"Cross section, filter efficiency, filter efficiency error, match efficiencty, match efficiency error, negative weights fraction",HIG-RunIISummer15wmLHEGS-00958,0
DYJetsToLL_Pt-250To400_TuneCUETP8M1_13TeV-amcatnloFXFX-pythia8-MiniAOD,/DYJetsToLL_Pt-250To400_TuneCUETP8M1_13TeV-amcatnloFXFX-pythia8/RunIISummer16MiniAODv2-PUMoriond17_80X_mcRun2_asymptotic_2016_TrancheIV_v6-v1/MINIAODSIM,DYJetsToLL_Pt-250To400_TuneCUETP8M1_13TeV-amcatnloFXFX-pythia8,1,427045,423976,1,0,1,0,-1,"Cross section, filter efficiency, filter efficiency error, match efficiencty, match efficiency error, negative weights fraction",EXO-RunIISummer15wmLHEGS-00006,0
DYJetsToLL_Pt-250To400_TuneCUETP8M1_13TeV-amcatnloFXFX-pythia8-MiniAOD_ext1,/DYJetsToLL_Pt-250To400_TuneCUETP8M1_13TeV-amcatnloFXFX-pythia8/RunIISummer16MiniAODv2-PUMoriond17_80X_mcRun2_asymptotic_2016_TrancheIV_v6_ext1-v1/MINIAODSIM,DYJetsToLL_Pt-250To400_TuneCUETP8M1_13TeV-amcatnloFXFX-pythia8,1,590806,590806,0.43,0,1,0,-1,"Cross section, filter efficiency, filter efficiency error, match efficiencty, match efficiency error, negative weights fraction",EXO-RunIISummer15wmLHEGS-01009,0
DYJetsToLL_Pt-250To400_TuneCUETP8M1_13TeV-amcatnloFXFX-pythia8-MiniAOD_ext2,/DYJetsToLL_Pt-250To400_TuneCUETP8M1_13TeV-amcatnloFXFX-pythia8/RunIISummer16MiniAODv2-PUMoriond17_80X_mcRun2_asymptotic_2016_TrancheIV_v6_ext2-v1/MINIAODSIM,DYJetsToLL_Pt-250To400_TuneCUETP8M1_13TeV-amcatnloFXFX-pythia8,1,594317,594317,0.43,0,1,0,-1,"Cross section, filter efficiency, filter efficiency error, match efficiencty, match efficiency error, negative weights fraction",EXO-RunIISummer15wmLHEGS-01662,0
DYJetsToLL_Pt-250To400_TuneCUETP8M1_13TeV-amcatnloFXFX-pythia8-MiniAOD_ext5,/DYJetsToLL_Pt-250To400_TuneCUETP8M1_13TeV-amcatnloFXFX-pythia8/RunIISummer16MiniAODv2-PUMoriond17_80X_mcRun2_asymptotic_2016_TrancheIV_v6_ext5-v1/MINIAODSIM,DYJetsToLL_Pt-250To400_TuneCUETP8M1_13TeV-amcatnloFXFX-pythia8,1,20000000,19626902,0.43,0,1,0,-1,"Cross section, filter efficiency, filter efficiency error, match efficiencty, match efficiency error, negative weights fraction",HIG-RunIISummer15wmLHEGS-00960,0
DYJetsToLL_Pt-400To650_TuneCUETP8M1_13TeV-amcatnloFXFX-pythia8-MiniAOD,/DYJetsToLL_Pt-400To650_TuneCUETP8M1_13TeV-amcatnloFXFX-pythia8/RunIISummer16MiniAODv2-PUMoriond17_80X_mcRun2_asymptotic_2016_TrancheIV_v6-v1/MINIAODSIM,DYJetsToLL_Pt-400To650_TuneCUETP8M1_13TeV-amcatnloFXFX-pythia8,1,432056,432056,1,0,1,0,-1,"Cross section, filter efficiency, filter efficiency error, match efficiencty, match efficiency error, negative weights fraction",EXO-RunIISummer15wmLHEGS-00007,0
DYJetsToLL_Pt-400To650_TuneCUETP8M1_13TeV-amcatnloFXFX-pythia8-MiniAOD_ext1,/DYJetsToLL_Pt-400To650_TuneCUETP8M1_13TeV-amcatnloFXFX-pythia8/RunIISummer16MiniAODv2-PUMoriond17_80X_mcRun2_asymptotic_2016_TrancheIV_v6_ext1-v1/MINIAODSIM,DYJetsToLL_Pt-400To650_TuneCUETP8M1_13TeV-amcatnloFXFX-pythia8,1,589842,589842,0.43,0,1,0,-1,"Cross section, filter efficiency, filter efficiency error, match efficiencty, match efficiency error, negative weights fraction",EXO-RunIISummer15wmLHEGS-01010,0
DYJetsToLL_Pt-400To650_TuneCUETP8M1_13TeV-amcatnloFXFX-pythia8-MiniAOD_ext2,/DYJetsToLL_Pt-400To650_TuneCUETP8M1_13TeV-amcatnloFXFX-pythia8/RunIISummer16MiniAODv2-PUMoriond17_80X_mcRun2_asymptotic_2016_TrancheIV_v6_ext2-v1/MINIAODSIM,DYJetsToLL_Pt-400To650_TuneCUETP8M1_13TeV-amcatnloFXFX-pythia8,1,604038,604038,0.43,0,1,0,-1,"Cross section, filter efficiency, filter efficiency error, match efficiencty, match efficiency error, negative weights fraction",EXO-RunIISummer15wmLHEGS-01663,0
DYJetsToLL_Pt-50To100_TuneCUETP8M1_13TeV-amcatnloFXFX-pythia8-MiniAOD,/DYJetsToLL_Pt-50To100_TuneCUETP8M1_13TeV-amcatnloFXFX-pythia8/RunIISummer16MiniAODv2-PUMoriond17_80X_mcRun2_asymptotic_2016_TrancheIV_v6-v3/MINIAODSIM,DYJetsToLL_Pt-50To100_TuneCUETP8M1_13TeV-amcatnloFXFX-pythia8,936.2,21890432,21890432,1,0,0.351,0,-1,"Cross section, filter efficiency, filter efficiency error, match efficiencty, match efficiency error, negative weights fraction",EXO-RunIISummer15wmLHEGS-01667,0
DYJetsToLL_Pt-50To100_TuneCUETP8M1_13TeV-amcatnloFXFX-pythia8-MiniAOD_ext3,/DYJetsToLL_Pt-50To100_TuneCUETP8M1_13TeV-amcatnloFXFX-pythia8/RunIISummer16MiniAODv2-PUMoriond17_80X_mcRun2_asymptotic_2016_TrancheIV_v6_ext3-v1/MINIAODSIM,DYJetsToLL_Pt-50To100_TuneCUETP8M1_13TeV-amcatnloFXFX-pythia8,936.2,100000000,108920852,1,0,0.351,0,-1,"Cross section, filter efficiency, filter efficiency error, match efficiencty, match efficiency error, negative weights fraction",HIG-RunIISummer15wmLHEGS-00959,0
DYJetsToLL_Pt-650ToInf_TuneCUETP8M1_13TeV-amcatnloFXFX-pythia8-MiniAOD,/DYJetsToLL_Pt-650ToInf_TuneCUETP8M1_13TeV-amcatnloFXFX-pythia8/RunIISummer16MiniAODv2-PUMoriond17_80X_mcRun2_asymptotic_2016_TrancheIV_v6-v1/MINIAODSIM,DYJetsToLL_Pt-650ToInf_TuneCUETP8M1_13TeV-amcatnloFXFX-pythia8,1,430691,430691,1,0,1,0,-1,"Cross section, filter efficiency, filter efficiency error, match efficiencty, match efficiency error, negative weights fraction",EXO-RunIISummer15wmLHEGS-00008,0
DYJetsToLL_Pt-650ToInf_TuneCUETP8M1_13TeV-amcatnloFXFX-pythia8-MiniAOD_ext1,/DYJetsToLL_Pt-650ToInf_TuneCUETP8M1_13TeV-amcatnloFXFX-pythia8/RunIISummer16MiniAODv2-PUMoriond17_80X_mcRun2_asymptotic_2016_TrancheIV_v6_ext1-v1/MINIAODSIM,DYJetsToLL_Pt-650ToInf_TuneCUETP8M1_13TeV-amcatnloFXFX-pythia8,1,599665,599665,0.43,0,1,0,-1,"Cross section, filter efficiency, filter efficiency error, match efficiencty, match efficiency error, negative weights fraction",EXO-RunIISummer15wmLHEGS-01011,0
DYJetsToLL_Pt-650ToInf_TuneCUETP8M1_13TeV-amcatnloFXFX-pythia8-MiniAOD_ext2,/DYJetsToLL_Pt-650ToInf_TuneCUETP8M1_13TeV-amcatnloFXFX-pythia8/RunIISummer16MiniAODv2-PUMoriond17_80X_mcRun2_asymptotic_2016_TrancheIV_v6_ext2-v1/MINIAODSIM,DYJetsToLL_Pt-650ToInf_TuneCUETP8M1_13TeV-amcatnloFXFX-pythia8,1,597526,597526,0.43,0,1,0,-1,"Cross section, filter efficiency, filter efficiency error, match efficiencty, match efficiency error, negative weights fraction",EXO-RunIISummer15wmLHEGS-01664,0
DYJetsToLL_Zpt-100to200_M-50_TuneCUETP8M1_13TeV-madgraphMLM_MiniAOD,/DYJetsToLL_Zpt-100to200_M-50_TuneCUETP8M1_13TeV-madgraphMLM-pythia8/RunIISummer16MiniAODv2-PUMoriond17_80X_mcRun2_asymptotic_2016_TrancheIV_v6-v1/MINIAODSIM,DYJetsToLL_Zpt-100to200_M-50_TuneCUETP8M1_13TeV-madgraphMLM-pythia8,60.26,6585218,6584581,1,0.1,0.105,0.1,-1,"Cross section, filter efficiency, filter efficiency error, match efficiencty, match efficiency error, negative weights fraction",HIG-RunIISummer15wmLHEGS-00675,0
DYJetsToLL_Zpt-200toInf_M-50_TuneCUETP8M1_13TeV-madgraphMLM_MiniAOD,/DYJetsToLL_Zpt-200toInf_M-50_TuneCUETP8M1_13TeV-madgraphMLM-pythia8/RunIISummer16MiniAODv2-PUMoriond17_80X_mcRun2_asymptotic_2016_TrancheIV_v6-v1/MINIAODSIM,DYJetsToLL_Zpt-200toInf_M-50_TuneCUETP8M1_13TeV-madgraphMLM-pythia8,6.874,2903064,2903064,1,0.1,0.067,0.1,-1,"Cross section, filter efficiency, filter efficiency error, match efficiencty, match efficiency error, negative weights fraction",HIG-RunIISummer15wmLHEGS-00676,0
DYToEE_NNPDF30_13TeV-powheg_MiniAOD,/DYToEE_NNPDF30_13TeV-powheg-pythia8/RunIISummer16MiniAODv2-EGM0_80X_mcRun2_asymptotic_2016_TrancheIV_v6-v1/MINIAODSIM,DYToEE_NNPDF30_13TeV-powheg-pythia8,1803,49992000,49986588,1,0,1,0,-999,"Cross section, filter efficiency, filter efficiency error, match efficiencty, match efficiency error, negative weights fraction not listed",EGM-RunIIWinter15GS-00013,0
ST_t-channel_4f_leptonDecays_13TeV-amcatnlo,/ST_t-channel_4f_leptonDecays_13TeV-amcatnlo-pythia8_TuneCUETP8M1/RunIISpring16MiniAODv2-premix_withHLT_80X_mcRun2_asymptotic_v14_ext1-v1/MINIAODSIM,ST_t-channel_4f_leptonDecays_13TeV-amcatnlo-pythia8_TuneCUETP8M1,216.99,19988066,19835374,1,0,1,0,-999,"Cross section, filter efficiency, filter efficiency error, match efficiencty, match efficiency error, negative weights fraction not listed",TOP-RunIIWinter15GS-00069,0
ST_t-channel_top_4f_inclusiveDecays_13TeV-powheg,/ST_t-channel_top_4f_inclusiveDecays_TuneCUETP8M2T4_13TeV-powhegV2-madspin/RunIISummer16MiniAODv2-PUMoriond17_80X_mcRun2_asymptotic_2016_TrancheIV_v6-v1/MINIAODSIM,ST_t-channel_top_4f_inclusiveDecays_TuneCUETP8M2T4_13TeV-powhegV2-madspin,,5999276,5993676,,,,,,,,0
ST_tW_antitop_5f_DS_NoFullyHadronicDecays_13TeV-powheg-pythia8,/ST_tW_antitop_5f_DS_NoFullyHadronicDecays_13TeV-powheg-pythia8/RunIISummer16MiniAODv2-PUMoriond17_80X_mcRun2_asymptotic_2016_TrancheIV_v6-v1/MINIAODSIM,ST_tW_antitop_5f_DS_NoFullyHadronicDecays_13TeV-powheg-pythia8,38.09,3000000,3257313,0.5,0,1,0,-1,"Cross section, filter efficiency, filter efficiency error, match efficiencty, match efficiency error, negative weights fraction not listed",TOP-RunIISummer15wmLHEGS-00183,0
ST_tW_antitop_5f_fsrup_NoFullyHadronicDecays_13TeV-powheg,/ST_tW_antitop_5f_fsrup_NoFullyHadronicDecays_13TeV-powheg/RunIISummer16MiniAODv2-PUMoriond17_80X_mcRun2_asymptotic_2016_TrancheIV_v6-v1/MINIAODSIM,ST_tW_antitop_5f_fsrup_NoFullyHadronicDecays_13TeV-powheg,38.09,3000000,3001597,0.5,0,1,0,-1,"Cross section, filter efficiency, filter efficiency error, match efficiencty, match efficiency error, negative weights fraction not listed",TOP-RunIISummer15wmLHEGS-00200,0
ST_tW_antitop_5f_isrup_NoFullyHadronicDecays_13TeV-powheg,/ST_tW_antitop_5f_isrup_NoFullyHadronicDecays_13TeV-powheg/RunIISummer16MiniAODv2-PUMoriond17_80X_mcRun2_asymptotic_2016_TrancheIV_v6-v1/MINIAODSIM,ST_tW_antitop_5f_isrup_NoFullyHadronicDecays_13TeV-powheg,38.09,3000000,3076356,0.5,0,1,0,-1,"Cross section, filter efficiency, filter efficiency error, match efficiencty, match efficiency error, negative weights fraction not listed",TOP-RunIISummer15wmLHEGS-00196,0
ST_tW_antitop_5f_MEscaleup_NoFullyHadronicDecays_13TeV-powheg,/ST_tW_antitop_5f_MEscaleup_NoFullyHadronicDecays_13TeV-powheg/RunIISummer16MiniAODv2-PUMoriond17_80X_mcRun2_asymptotic_2016_TrancheIV_v6-v1/MINIAODSIM,ST_tW_antitop_5f_MEscaleup_NoFullyHadronicDecays_13TeV-powheg,38.09,3000000,1607001,1,0,1,0,-1,"Cross section, filter efficiency, filter efficiency error, match efficiencty, match efficiency error, negative weights fraction not listed",TOP-RunIISummer15wmLHEGS-00202,0
ST_tW_antitop_5f_mtop1695_NoFullyHadronicDecays_13TeV-powheg-pythia8,/ST_tW_antitop_5f_mtop1695_NoFullyHadronicDecays_13TeV-powheg-pythia8/RunIISummer16MiniAODv2-PUMoriond17_80X_mcRun2_asymptotic_2016_TrancheIV_v6-v1/MINIAODSIM,ST_tW_antitop_5f_mtop1695_NoFullyHadronicDecays_13TeV-powheg-pythia8,38.09,3000000,3028578,0.5,0,1,0,-1,"Cross section, filter efficiency, filter efficiency error, match efficiencty, match efficiency error, negative weights fraction not listed",TOP-RunIISummer15wmLHEGS-00191,0
ST_tW_antitop_5f_mtop1755_NoFullyHadronicDecays_13TeV-powheg-pythia8,/ST_tW_antitop_5f_mtop1755_NoFullyHadronicDecays_13TeV-powheg-pythia8/RunIISummer16MiniAODv2-PUMoriond17_80X_mcRun2_asymptotic_2016_TrancheIV_v6-v1/MINIAODSIM,ST_tW_antitop_5f_mtop1755_NoFullyHadronicDecays_13TeV-powheg-pythia8,38.09,3000000,3253487,0.5,0,1,0,-1,"Cross section, filter efficiency, filter efficiency error, match efficiencty, match efficiency error, negative weights fraction not listed",TOP-RunIISummer15wmLHEGS-00193,0
ST_tW_antitop_5f_NoFullyHadronicDecays,/ST_tW_antitop_5f_NoFullyHadronicDecays_13TeV-powheg_TuneCUETP8M1/RunIISummer16MiniAODv2-PUMoriond17_80X_mcRun2_asymptotic_2016_TrancheIV_v6-v1/MINIAODSIM,ST_tW_antitop_5f_NoFullyHadronicDecays_13TeV-powheg_TuneCUETP8M1,,5428928,5425134,,,,,,,,0
ST_tW_antitop_5f_NoFullyHadronicDecays_13TeV-powheg_herwigpp,/ST_tW_antitop_5f_NoFullyHadronicDecays_13TeV-powheg_herwigpp/RunIISummer16MiniAODv2-PUMoriond17_80X_mcRun2_asymptotic_2016_TrancheIV_v6-v1/MINIAODSIM,ST_tW_antitop_5f_NoFullyHadronicDecays_13TeV-powheg_herwigpp,38.09,3000000,3216427,0.5,0,1,0,-1,"Cross section, filter efficiency, filter efficiency error, match efficiencty, match efficiency error, negative weights fraction not listed",TOP-RunIISummer15wmLHEGS-00189,0
ST_tW_antitop_5f_NoFullyHadronicDecays_ext1,/ST_tW_antitop_5f_NoFullyHadronicDecays_13TeV-powheg_TuneCUETP8M1/RunIISummer16MiniAODv2-PUMoriond17_80X_mcRun2_asymptotic_2016_TrancheIV_v6_ext1-v1/MINIAODSIM,ST_tW_antitop_5f_NoFullyHadronicDecays_13TeV-powheg_TuneCUETP8M1,38.09,3256407,3256407,1,0,1,0,-1,"Cross section, filter efficiency, filter efficiency error, match efficiencty, match efficiency error, negative weights fraction not listed",SUS-RunIISummer15wmLHEGS-00045,0
ST_tW_antitop_5f_NoFullyHadronicDecays_ext2,/ST_tW_antitop_5f_NoFullyHadronicDecays_13TeV-powheg_TuneCUETP8M1/RunIISummer16MiniAODv2-80X_mcRun2_asymptotic_2016_TrancheIV_v6_ext2-v2/MINIAODSIM,ST_tW_antitop_5f_NoFullyHadronicDecays_13TeV-powheg_TuneCUETP8M1,,,,,,,,,,,0
ST_tW_antitop_5f_PSscaleup_NoFullyHadronicDecays_13TeV-powheg-pythia8,/ST_tW_antitop_5f_PSscaleup_NoFullyHadronicDecays_13TeV-powheg-pythia8/RunIISummer16MiniAODv2-PUMoriond17_80X_mcRun2_asymptotic_2016_TrancheIV_v6-v1/MINIAODSIM,ST_tW_antitop_5f_PSscaleup_NoFullyHadronicDecays_13TeV-powheg-pythia8,38.09,3000000,1628527,1,0,1,0,-1,"Cross section, filter efficiency, filter efficiency error, match efficiencty, match efficiency error, negative weights fraction not listed",TOP-RunIISummer15wmLHEGS-00185,0
ST_tW_antitop_fsrdown_5f_NoFullyHadronicDecays_13TeV-powheg,/ST_tW_antitop_fsrdown_5f_NoFullyHadronicDecays_13TeV-powheg/RunIISummer16MiniAODv2-PUMoriond17_80X_mcRun2_asymptotic_2016_TrancheIV_v6-v1/MINIAODSIM,ST_tW_antitop_fsrdown_5f_NoFullyHadronicDecays_13TeV-powheg,38.09,3000000,3235062,0.5,0,1,0,-1,"Cross section, filter efficiency, filter efficiency error, match efficiencty, match efficiency error, negative weights fraction not listed",TOP-RunIISummer15wmLHEGS-00201,0
ST_tW_antitop_isrdown_5f_NoFullyHadronicDecays_13TeV-powheg,/ST_tW_antitop_isrdown_5f_NoFullyHadronicDecays_13TeV-powheg/RunIISummer16MiniAODv2-PUMoriond17_80X_mcRun2_asymptotic_2016_TrancheIV_v6-v1/MINIAODSIM,ST_tW_antitop_isrdown_5f_NoFullyHadronicDecays_13TeV-powheg,38.09,3000000,3101414,0.5,0,1,0,-1,"Cross section, filter efficiency, filter efficiency error, match efficiencty, match efficiency error, negative weights fraction not listed",TOP-RunIISummer15wmLHEGS-00197,0
ST_tW_antitop_MEscaledown_5f_NoFullyHadronicDecays_13TeV-powheg,/ST_tW_antitop_MEscaledown_5f_NoFullyHadronicDecays_13TeV-powheg/RunIISummer16MiniAODv2-PUMoriond17_80X_mcRun2_asymptotic_2016_TrancheIV_v6-v1/MINIAODSIM,ST_tW_antitop_MEscaledown_5f_NoFullyHadronicDecays_13TeV-powheg,38.09,3000000,1575183,1,0,1,0,-1,"Cross section, filter efficiency, filter efficiency error, match efficiencty, match efficiency error, negative weights fraction not listed",TOP-RunIISummer15wmLHEGS-00204,0
ST_tW_antitop_PSscaledown_5f_NoFullyHadronicDecays_13TeV-powheg-pythia8,/ST_tW_antitop_PSscaledown_5f_NoFullyHadronicDecays_13TeV-powheg-pythia8/RunIISummer16MiniAODv2-PUMoriond17_80X_mcRun2_asymptotic_2016_TrancheIV_v6-v1/MINIAODSIM,ST_tW_antitop_PSscaledown_5f_NoFullyHadronicDecays_13TeV-powheg-pythia8,38.09,3000000,1628344,1,0,1,0,-1,"Cross section, filter efficiency, filter efficiency error, match efficiencty, match efficiency error, negative weights fraction not listed",TOP-RunIISummer15wmLHEGS-00186,0
ST_tW_tcgFCNC_leptonDecays_Madgraph,/ST_tW_tcgFCNC_leptonDecays_Madgraph/RunIISummer16MiniAODv2-PUMoriond17_80X_mcRun2_asymptotic_2016_TrancheIV_v6-v1/MINIAODSIM,ST_tW_tcgFCNC_leptonDecays_Madgraph,7.393,2000000,1949703,1,0,1,0,-1,"Cross section, filter efficiency, filter efficiency error, match efficiencty, match efficiency error, negative weights fraction not listed",TOP-RunIISummer15wmLHEGS-00242,0
ST_tW_top_5f_DS_NoFullyHadronicDecays_13TeV-powheg-pythia8_TuneCUETP8M1,/ST_tW_top_5f_DS_NoFullyHadronicDecays_13TeV-powheg-pythia8_TuneCUETP8M1/RunIISummer16MiniAODv2-PUMoriond17_80X_mcRun2_asymptotic_2016_TrancheIV_v6-v1/MINIAODSIM,ST_tW_top_5f_DS_NoFullyHadronicDecays_13TeV-powheg-pythia8_TuneCUETP8M1,38.09,3000000,3192627,0.5,0,1,0,-1,"Cross section, filter efficiency, filter efficiency error, match efficiencty, match efficiency error, negative weights fraction not listed",TOP-RunIISummer15wmLHEGS-00182,0
ST_tW_top_5f_fsrup_NoFullyHadronicDecays_13TeV-powheg,/ST_tW_top_5f_fsrup_NoFullyHadronicDecays_13TeV-powheg/RunIISummer16MiniAODv2-PUMoriond17_80X_mcRun2_asymptotic_2016_TrancheIV_v6-v1/MINIAODSIM,ST_tW_top_5f_fsrup_NoFullyHadronicDecays_13TeV-powheg,38.09,3000000,3212416,0.5,0,1,0,-1,"Cross section, filter efficiency, filter efficiency error, match efficiencty, match efficiency error, negative weights fraction not listed",TOP-RunIISummer15wmLHEGS-00198,0
ST_tW_top_5f_isrup_NoFullyHadronicDecays_13TeV-powheg,/ST_tW_top_5f_isrup_NoFullyHadronicDecays_13TeV-powheg/RunIISummer16MiniAODv2-PUMoriond17_80X_mcRun2_asymptotic_2016_TrancheIV_v6-v1/MINIAODSIM,ST_tW_top_5f_isrup_NoFullyHadronicDecays_13TeV-powheg,38.09,3000000,3129831,0.5,0,1,0,-1,"Cross section, filter efficiency, filter efficiency error, match efficiencty, match efficiency error, negative weights fraction not listed",TOP-RunIISummer15wmLHEGS-00194,0
ST_tW_top_5f_MEscaleup_NoFullyHadronicDecays_13TeV-powheg,/ST_tW_top_5f_MEscaleup_NoFullyHadronicDecays_13TeV-powheg/RunIISummer16MiniAODv2-PUMoriond17_80X_mcRun2_asymptotic_2016_TrancheIV_v6-v1/MINIAODSIM,ST_tW_top_5f_MEscaleup_NoFullyHadronicDecays_13TeV-powheg,38.09,3000000,3188774,0.5,0,1,0,-1,"Cross section, filter efficiency, filter efficiency error, match efficiencty, match efficiency error, negative weights fraction not listed",TOP-RunIISummer15wmLHEGS-00203,0
ST_tW_top_5f_mtop1695_NoFullyHadronicDecays_13TeV-powheg-pythia8,/ST_tW_top_5f_mtop1695_NoFullyHadronicDecays_13TeV-powheg-pythia8/RunIISummer16MiniAODv2-PUMoriond17_80X_mcRun2_asymptotic_2016_TrancheIV_v6-v1/MINIAODSIM,ST_tW_top_5f_mtop1695_NoFullyHadronicDecays_13TeV-powheg-pythia8,38.09,3000000,3199011,0.5,0,1,0,-1,"Cross section, filter efficiency, filter efficiency error, match efficiencty, match efficiency error, negative weights fraction not listed",TOP-RunIISummer15wmLHEGS-00190,0
ST_tW_top_5f_mtop1755_NoFullyHadronicDecays_13TeV-powheg-pythia8,/ST_tW_top_5f_mtop1755_NoFullyHadronicDecays_13TeV-powheg-pythia8/RunIISummer16MiniAODv2-PUMoriond17_80X_mcRun2_asymptotic_2016_TrancheIV_v6-v1/MINIAODSIM,ST_tW_top_5f_mtop1755_NoFullyHadronicDecays_13TeV-powheg-pythia8,38.09,3000000,2958559,0.5,0,1,0,-1,"Cross section, filter efficiency, filter efficiency error, match efficiencty, match efficiency error, negative weights fraction not listed",TOP-RunIISummer15wmLHEGS-00192,0
ST_tW_top_5f_NoFullyHadronicDecays,/ST_tW_top_5f_NoFullyHadronicDecays_13TeV-powheg_TuneCUETP8M1/RunIISummer16MiniAODv2-PUMoriond17_80X_mcRun2_asymptotic_2016_TrancheIV_v6-v1/MINIAODSIM,ST_tW_top_5f_NoFullyHadronicDecays_13TeV-powheg_TuneCUETP8M1,,5429452,5372991,,,,,,,,0
ST_tW_top_5f_NoFullyHadronicDecays_13TeV-powheg_herwigpp,/ST_tW_top_5f_NoFullyHadronicDecays_13TeV-powheg_herwigpp/RunIISummer16MiniAODv2-PUMoriond17_80X_mcRun2_asymptotic_2016_TrancheIV_v6-v1/MINIAODSIM,ST_tW_top_5f_NoFullyHadronicDecays_13TeV-powheg_herwigpp,38.09,3000000,3201087,0.5,0,1,0,-1,"Cross section, filter efficiency, filter efficiency error, match efficiencty, match efficiency error, negative weights fraction not listed",TOP-RunIISummer15wmLHEGS-00188,0
ST_tW_top_5f_NoFullyHadronicDecays_ext1,/ST_tW_top_5f_NoFullyHadronicDecays_13TeV-powheg_TuneCUETP8M1/RunIISummer16MiniAODv2-PUMoriond17_80X_mcRun2_asymptotic_2016_TrancheIV_v6_ext1-v1/MINIAODSIM,ST_tW_top_5f_NoFullyHadronicDecays_13TeV-powheg_TuneCUETP8M1,38.09,3256650,3256650,1,0,1,0,-1,"Cross section, filter efficiency, filter efficiency error, match efficiencty, match efficiency error, negative weights fraction not listed",SUS-RunIISummer15wmLHEGS-00044,0
ST_tW_top_5f_NoFullyHadronicDecays_ext2,/ST_tW_top_5f_NoFullyHadronicDecays_13TeV-powheg_TuneCUETP8M1/RunIISummer16MiniAODv2-80X_mcRun2_asymptotic_2016_TrancheIV_v6_ext2-v2/MINIAODSIM,ST_tW_top_5f_NoFullyHadronicDecays_13TeV-powheg_TuneCUETP8M1,38.09,2718677,2715978,0.546,0.002,1,0,-1,"Cross section, filter efficiency, filter efficiency error, match efficiencty, match efficiency error, negative weights fraction not listed",SUS-RunIISummer15wmLHEGS-00099,0
ST_tW_top_5f_PSscaleup_NoFullyHadronicDecays_13TeV-powheg-pythia8,/ST_tW_top_5f_PSscaleup_NoFullyHadronicDecays_13TeV-powheg-pythia8/RunIISummer16MiniAODv2-PUMoriond17_80X_mcRun2_asymptotic_2016_TrancheIV_v6-v1/MINIAODSIM,ST_tW_top_5f_PSscaleup_NoFullyHadronicDecays_13TeV-powheg-pythia8,38.09,3000000,3124934,0.5,0,1,0,-1,"Cross section, filter efficiency, filter efficiency error, match efficiencty, match efficiency error, negative weights fraction not listed",TOP-RunIISummer15wmLHEGS-00184,0
ST_tW_top_fsrdown_5f_NoFullyHadronicDecays_13TeV-powheg,/ST_tW_top_fsrdown_5f_NoFullyHadronicDecays_13TeV-powheg/RunIISummer16MiniAODv2-PUMoriond17_80X_mcRun2_asymptotic_2016_TrancheIV_v6-v1/MINIAODSIM,ST_tW_top_fsrdown_5f_NoFullyHadronicDecays_13TeV-powheg,38.09,3000000,2975405,0.5,0,1,0,-1,"Cross section, filter efficiency, filter efficiency error, match efficiencty, match efficiency error, negative weights fraction not listed",TOP-RunIISummer15wmLHEGS-00199,0
ST_tW_top_isrdown_5f_NoFullyHadronicDecays_13TeV-powheg,/ST_tW_top_isrdown_5f_NoFullyHadronicDecays_13TeV-powheg/RunIISummer16MiniAODv2-PUMoriond17_80X_mcRun2_asymptotic_2016_TrancheIV_v6-v1/MINIAODSIM,ST_tW_top_isrdown_5f_NoFullyHadronicDecays_13TeV-powheg,38.09,3000000,3201658,0.5,0,1,0,-1,"Cross section, filter efficiency, filter efficiency error, match efficiencty, match efficiency error, negative weights fraction not listed",TOP-RunIISummer15wmLHEGS-00195,0
ST_tW_top_MEscaledown_5f_NoFullyHadronicDecays_13TeV-powheg,/ST_tW_top_MEscaledown_5f_NoFullyHadronicDecays_13TeV-powheg/RunIISummer16MiniAODv2-PUMoriond17_80X_mcRun2_asymptotic_2016_TrancheIV_v6-v1/MINIAODSIM,ST_tW_top_MEscaledown_5f_NoFullyHadronicDecays_13TeV-powheg,38.09,3000000,3052085,0.5,0,1,0,-1,"Cross section, filter efficiency, filter efficiency error, match efficiencty, match efficiency error, negative weights fraction not listed",TOP-RunIISummer15wmLHEGS-00205,0
ST_tW_top_PSscaledown_5f_NoFullyHadronicDecays_13TeV-powheg-pythia8,/ST_tW_top_PSscaledown_5f_NoFullyHadronicDecays_13TeV-powheg-pythia8/RunIISummer16MiniAODv2-PUMoriond17_80X_mcRun2_asymptotic_2016_TrancheIV_v6-v1/MINIAODSIM,ST_tW_top_PSscaledown_5f_NoFullyHadronicDecays_13TeV-powheg-pythia8,38.09,3000000,3181663,0.5,0,1,0,-1,"Cross section, filter efficiency, filter efficiency error, match efficiencty, match efficiency error, negative weights fraction not listed",TOP-RunIISummer15wmLHEGS-00187,0
ST_tW_tugFCNC_leptonDecays_Madgraph,/ST_tW_tugFCNC_leptonDecays_Madgraph/RunIISummer16MiniAODv2-PUMoriond17_80X_mcRun2_asymptotic_2016_TrancheIV_v6-v1/MINIAODSIM,ST_tW_tugFCNC_leptonDecays_Madgraph,21.74,2000000,1972968,1,0,1,0,-1,"Cross section, filter efficiency, filter efficiency error, match efficiencty, match efficiency error, negative weights fraction not listed",TOP-RunIISummer15wmLHEGS-00241,0
TT_hdampDOWN_TuneCUETP8M2T4_13TeV-powheg-pythia8,/TT_hdampDOWN_TuneCUETP8M2T4_13TeV-powheg-pythia8/RunIISummer16MiniAODv2-PUMoriond17_80X_mcRun2_asymptotic_2016_TrancheIV_v6-v1/MINIAODSIM,TT_hdampDOWN_TuneCUETP8M2T4_13TeV-powheg-pythia8,730,30000000,29117820,1,0,1,0,-1,"Cross section, filter efficiency, filter efficiency error, match efficiencty, match efficiency error, negative weights fraction not listed",TOP-RunIISummer15wmLHEGS-00148,0
TT_hdampUP_TuneCUETP8M2T4_13TeV-powheg-pythia8,/TT_hdampUP_TuneCUETP8M2T4_13TeV-powheg-pythia8/RunIISummer16MiniAODv2-PUMoriond17_80X_mcRun2_asymptotic_2016_TrancheIV_v6-v1/MINIAODSIM,TT_hdampUP_TuneCUETP8M2T4_13TeV-powheg-pythia8,730,30000000,29689380,1,0,1,0,0,"Cross section, filter efficiency, filter efficiency error, match efficiencty, match efficiency error, negative weights fraction not listed",TOP-RunIISummer15wmLHEGS-00149,0
TT_hdampUP_TuneCUETP8M2T4_13TeV-powheg-pythia8_ext1,/TT_hdampUP_TuneCUETP8M2T4_13TeV-powheg-pythia8/RunIISummer16MiniAODv2-PUMoriond17_80X_mcRun2_asymptotic_2016_TrancheIV_v6_ext1-v1/MINIAODSIM,TT_hdampUP_TuneCUETP8M2T4_13TeV-powheg-pythia8,730,30000000,29169226,1,0,1,0,0,"Cross section, filter efficiency, filter efficiency error, match efficiencty, match efficiency error, negative weights fraction not listed",TOP-RunIISummer15wmLHEGS-00174,0
TT_TuneCUETP8M2T4_13TeV-powheg-colourFlip-pythia8,/TT_TuneCUETP8M2T4_13TeV-powheg-colourFlip-pythia8/RunIISummer16MiniAODv2-PUMoriond17_80X_mcRun2_asymptotic_2016_TrancheIV_v6-v1/MINIAODSIM,TT_TuneCUETP8M2T4_13TeV-powheg-colourFlip-pythia8,730.7,11715285,11621730,1,0,1,0,0,"Cross section, filter efficiency, filter efficiency error, match efficiencty, match efficiency error, negative weights fraction not listed",TOP-RunIISummer15wmLHEGS-00051,0
TT_TuneCUETP8M2T4_13TeV-powheg-fsrdown-pythia8,/TT_TuneCUETP8M2T4_13TeV-powheg-fsrdown-pythia8/RunIISummer16MiniAODv2-PUMoriond17_80X_mcRun2_asymptotic_2016_TrancheIV_v6-v1/MINIAODSIM,TT_TuneCUETP8M2T4_13TeV-powheg-fsrdown-pythia8,730,29716580,29716580,1,0,1,0,0,"Cross section, filter efficiency, filter efficiency error, match efficiencty, match efficiency error, negative weights fraction not listed",TOP-RunIISummer15wmLHEGS-00048,0
TT_TuneCUETP8M2T4_13TeV-powheg-fsrup-pythia8,/TT_TuneCUETP8M2T4_13TeV-powheg-fsrup-pythia8/RunIISummer16MiniAODv2-PUMoriond17_80X_mcRun2_asymptotic_2016_TrancheIV_v6-v1/MINIAODSIM,TT_TuneCUETP8M2T4_13TeV-powheg-fsrup-pythia8,730,29852420,29777488,1,0,1,0,0,"Cross section, filter efficiency, filter efficiency error, match efficiencty, match efficiency error, negative weights fraction not listed",TOP-RunIISummer15wmLHEGS-00047,0
TT_TuneCUETP8M2T4_13TeV-powheg-isrdown-pythia8,/TT_TuneCUETP8M2T4_13TeV-powheg-isrdown-pythia8/RunIISummer16MiniAODv2-PUMoriond17_80X_mcRun2_asymptotic_2016_TrancheIV_v6-v1/MINIAODSIM,TT_TuneCUETP8M2T4_13TeV-powheg-isrdown-pythia8,730,29084029,29084029,1,0,1,0,0,"Cross section, filter efficiency, filter efficiency error, match efficiencty, match efficiency error, negative weights fraction not listed",TOP-RunIISummer15wmLHEGS-00046,0
TT_TuneCUETP8M2T4_13TeV-powheg-isrup-pythia8,/TT_TuneCUETP8M2T4_13TeV-powheg-isrup-pythia8/RunIISummer16MiniAODv2-PUMoriond17_80X_mcRun2_asymptotic_2016_TrancheIV_v6_ext1-v1/MINIAODSIM,TT_TuneCUETP8M2T4_13TeV-powheg-isrup-pythia8,730,59142608,59033604,1,0,1,0,0,"Cross section, filter efficiency, filter efficiency error, match efficiencty, match efficiency error, negative weights fraction not listed",TOP-RunIISummer15wmLHEGS-00100,0
TT_TuneCUETP8M2T4_13TeV-powheg-MiniAOD,/TT_TuneCUETP8M2T4_13TeV-powheg-pythia8/RunIISummer16MiniAODv2-PUMoriond17_80X_mcRun2_asymptotic_2016_TrancheIV_v6-v1/MINIAODSIM,TT_TuneCUETP8M2T4_13TeV-powheg-pythia8,730,77615423,77229341,1,0,1,0,0,"Cross section, filter efficiency, filter efficiency error, match efficiencty, match efficiency error, negative weights fraction not listed",TOP-RunIISummer15wmLHEGS-00035,3850
TT_TuneCUETP8M2T4_erdON_13TeV-powheg-pythia8,/TT_TuneCUETP8M2T4_erdON_13TeV-powheg-pythia8/RunIISummer16MiniAODv2-PUMoriond17_80X_mcRun2_asymptotic_2016_TrancheIV_v6-v1/MINIAODSIM,TT_TuneCUETP8M2T4_erdON_13TeV-powheg-pythia8,730,30000000,29943330,1,0,1,0,0,"Cross section, filter efficiency, filter efficiency error, match efficiencty, match efficiency error, negative weights fraction not listed",TOP-RunIISummer15wmLHEGS-00160,0
TT_TuneCUETP8M2T4_GluonMoveCRTune_13TeV-powheg-pythia8,/TT_TuneCUETP8M2T4_GluonMoveCRTune_13TeV-powheg-pythia8/RunIISummer16MiniAODv2-PUMoriond17_80X_mcRun2_asymptotic_2016_TrancheIV_v6-v1/MINIAODSIM,TT_TuneCUETP8M2T4_GluonMoveCRTune_13TeV-powheg-pythia8,730,60000000,59037234,1,0,1,0,0,"Cross section, filter efficiency, filter efficiency error, match efficiencty, match efficiency error, negative weights fraction not listed",TOP-RunIISummer15wmLHEGS-00223,0
TT_TuneCUETP8M2T4_mtop1665_13TeV-powheg-pythia8,/TT_TuneCUETP8M2T4_mtop1665_13TeV-powheg-pythia8/RunIISummer16MiniAODv2-PUMoriond17_80X_mcRun2_asymptotic_2016_TrancheIV_v6-v1/MINIAODSIM,TT_TuneCUETP8M2T4_mtop1665_13TeV-powheg-pythia8,862.1,19397114,19380254,1,0,1,0,0,"Cross section, filter efficiency, filter efficiency error, match efficiencty, match efficiency error, negative weights fraction not listed",TOP-RunIISummer15wmLHEGS-00036,0
TT_TuneCUETP8M2T4_mtop1695_13TeV-powheg-pythia8,/TT_TuneCUETP8M2T4_mtop1695_13TeV-powheg-pythia8/RunIISummer16MiniAODv2-PUMoriond17_80X_mcRun2_asymptotic_2016_TrancheIV_v6_ext2-v1/MINIAODSIM,TT_TuneCUETP8M2T4_mtop1695_13TeV-powheg-pythia8,793.2,20000000,19415360,1,0,1,0,0,"Cross section, filter efficiency, filter efficiency error, match efficiencty, match efficiency error, negative weights fraction not listed",TOP-RunIISummer15wmLHEGS-00171,0
TT_TuneCUETP8M2T4_mtop1755_13TeV-powheg-pythia8,/TT_TuneCUETP8M2T4_mtop1755_13TeV-powheg-pythia8/RunIISummer16MiniAODv2-PUMoriond17_80X_mcRun2_asymptotic_2016_TrancheIV_v6-v1/MINIAODSIM,TT_TuneCUETP8M2T4_mtop1755_13TeV-powheg-pythia8,673.8,29479528,29459232,1,0,1,0,0,"Cross section, filter efficiency, filter efficiency error, match efficiencty, match efficiency error, negative weights fraction not listed",TOP-RunIISummer15wmLHEGS-00040,0
TT_TuneCUETP8M2T4_mtop1785_13TeV-powheg-pythia8,/TT_TuneCUETP8M2T4_mtop1785_13TeV-powheg-pythia8/RunIISummer16MiniAODv2-PUMoriond17_80X_mcRun2_asymptotic_2016_TrancheIV_v6-v1/MINIAODSIM,TT_TuneCUETP8M2T4_mtop1785_13TeV-powheg-pythia8,622.1,16485526,16377176,1,0,1,0,0,"Cross section, filter efficiency, filter efficiency error, match efficiencty, match efficiency error, negative weights fraction not listed",TOP-RunIISummer15wmLHEGS-00041,0
TT_TuneCUETP8M2T4_QCDbasedCRTune_erdON_13TeV-powheg-pythia8,/TT_TuneCUETP8M2T4_QCDbasedCRTune_erdON_13TeV-powheg-pythia8/RunIISummer16MiniAODv2-PUMoriond17_80X_mcRun2_asymptotic_2016_TrancheIV_v6-v1/MINIAODSIM,TT_TuneCUETP8M2T4_QCDbasedCRTune_erdON_13TeV-powheg-pythia8,730,30000000,29983790,1,0,1,0,0,"Cross section, filter efficiency, filter efficiency error, match efficiencty, match efficiency error, negative weights fraction not listed",TOP-RunIISummer15wmLHEGS-00176,0
TT_TuneCUETP8M2T4down_13TeV-powheg-pythia8,/TT_TuneCUETP8M2T4down_13TeV-powheg-pythia8/RunIISummer16MiniAODv2-PUMoriond17_80X_mcRun2_asymptotic_2016_TrancheIV_v6-v1/MINIAODSIM,TT_TuneCUETP8M2T4down_13TeV-powheg-pythia8,730,28367040,28354188,1,0,1,0,0,"Cross section, filter efficiency, filter efficiency error, match efficiencty, match efficiency error, negative weights fraction not listed",TOP-RunIISummer15wmLHEGS-00043,0
TT_TuneCUETP8M2T4up_13TeV-powheg-pythia8,/TT_TuneCUETP8M2T4up_13TeV-powheg-pythia8/RunIISummer16MiniAODv2-PUMoriond17_80X_mcRun2_asymptotic_2016_TrancheIV_v6-v1/MINIAODSIM,TT_TuneCUETP8M2T4up_13TeV-powheg-pythia8,730,29316720,29310620,1,0,1,0,0,"Cross section, filter efficiency, filter efficiency error, match efficiencty, match efficiency error, negative weights fraction not listed",TOP-RunIISummer15wmLHEGS-00044,0
TT_TuneEE5C_13TeV-powheg-herwigpp,/TT_TuneEE5C_13TeV-powheg-herwigpp/RunIISummer16MiniAODv2-PUMoriond17_80X_mcRun2_asymptotic_2016_TrancheIV_v6-v1/MINIAODSIM,TT_TuneEE5C_13TeV-powheg-herwigpp,730,29434434,29412687,1,0,1,0,0,"Cross section, filter efficiency, filter efficiency error, match efficiencty, match efficiency error, negative weights fraction",TOP-RunIISummer15GS-00046,0
TT_TuneEE5C_13TeV-powheg-herwigpp_ext2,/TT_TuneEE5C_13TeV-powheg-herwigpp/RunIISummer16MiniAODv2-PUMoriond17_80X_mcRun2_asymptotic_2016_TrancheIV_v6_ext2-v1/MINIAODSIM,TT_TuneEE5C_13TeV-powheg-herwigpp,730,19899312,19762915,1,0,1,0,0,"Cross section, filter efficiency, filter efficiency error, match efficiencty, match efficiency error, negative weights fraction",TOP-RunIIWinter15GS-00041,0
TT_TuneEE5C_13TeV-powheg-herwigpp_ext3,/TT_TuneEE5C_13TeV-powheg-herwigpp/RunIISummer16MiniAODv2-PUMoriond17_80X_mcRun2_asymptotic_2016_TrancheIV_v6_ext3-v1/MINIAODSIM,TT_TuneEE5C_13TeV-powheg-herwigpp,730,10000000,9998863,1,0,1,0,0,"Cross section, filter efficiency, filter efficiency error, match efficiencty, match efficiency error, negative weights fraction",TOP-RunIISummer15GS-00046,0
TTJets_Dilept_TuneCUETP8M2T4_amcatnloFXFX,/TTJets_Dilept_TuneCUETP8M2T4_13TeV-amcatnloFXFX-pythia8/RunIISummer16MiniAODv2-PUMoriond17_80X_mcRun2_asymptotic_2016_TrancheIV_v6-v1/MINIAODSIM,TTJets_Dilept_TuneCUETP8M2T4_13TeV-amcatnloFXFX-pythia8,70.14,14529280,14529280,1,0,0.356,0.015,0,"Cross section, filter efficiency, filter efficiency error, match efficiencty, match efficiency error, negative weights fraction",TOP-RunIISummer15wmLHEGS-00122,0
TTJets_Dilept_TuneCUETP8M2T4_amcatnloFXFX_ext1,/TTJets_Dilept_TuneCUETP8M2T4_13TeV-amcatnloFXFX-pythia8/RunIISummer16MiniAODv2-PUMoriond17_80X_mcRun2_asymptotic_2016_TrancheIV_v6_ext1-v1/MINIAODSIM,TTJets_Dilept_TuneCUETP8M2T4_13TeV-amcatnloFXFX-pythia8,70.14,60000000,53680672,1,0,0.356,0.015,0,"Cross section, filter efficiency, filter efficiency error, match efficiencty, match efficiency error, negative weights fraction",EXO-RunIISummer15wmLHEGS-04611,0
TTJets_TuneCUETP8M1_13TeV-madgraphMLM-pythia8,/TTJets_TuneCUETP8M1_13TeV-madgraphMLM-pythia8/RunIISummer16MiniAODv2-PUMoriond17_80X_mcRun2_asymptotic_2016_TrancheIV_v6-v1/MINIAODSIM,TTJets_TuneCUETP8M1_13TeV-madgraphMLM-pythia8,502.2,10000000,10139950,1,0,0.228,0.006,-999,"Cross section, filter efficiency, filter efficiency error, match efficiencty, match efficiency error, negative weights fraction not listed",TOP-RunIIWinter15GS-00003,0
TTTo2L2Nu_noSC_13TeV-powheg-pythia8,/TTTo2L2Nu_noSC_TuneCUETP8M2T4_13TeV-powheg-pythia8/RunIISummer16MiniAODv2-PUMoriond17_80X_mcRun2_asymptotic_2016_TrancheIV_v6-v1/MINIAODSIM,TTTo2L2Nu_noSC_TuneCUETP8M2T4_13TeV-powheg-pythia8,76.7,9853428,9853428,1,0,1,0,0,"Cross section, filter efficiency, filter efficiency error, match efficiencty, match efficiency error, negative weights fraction",TOP-RunIISummer15wmLHEGS-00049,0
TTTo2L2Nu_noSC_TuneCUETP8M2T4_13TeV-powheg-MiniAOD,/TTTo2L2Nu_noSC_TuneCUETP8M2T4_13TeV-powheg-pythia8/RunIISummer16MiniAODv2-PUMoriond17_80X_mcRun2_asymptotic_2016_TrancheIV_v6-v1/MINIAODSIM,TTTo2L2Nu_noSC_TuneCUETP8M2T4_13TeV-powheg-pythia8,76.7,9853428,9853428,1,0,1,0,0,"Cross section, filter efficiency, filter efficiency error, match efficiencty, match efficiency error, negative weights fraction",TOP-RunIISummer15wmLHEGS-00049,0
TTTo2L2Nu_TuneCUETP8M2_ttHtranche3_13TeV-powheg-MiniAOD,/TTTo2L2Nu_TuneCUETP8M2_ttHtranche3_13TeV-powheg-pythia8/RunIISummer16MiniAODv2-PUMoriond17_80X_mcRun2_asymptotic_2016_TrancheIV_v6-v1/MINIAODSIM,TTTo2L2Nu_TuneCUETP8M2_ttHtranche3_13TeV-powheg-pythia8,1,79160960,79092400,1,0,1,0,0,"Cross section, filter efficiency, filter efficiency error, match efficiencty, match efficiency error, negative weights fraction",HIG-RunIISummer15wmLHEGS-00481,0
TTTo2L2Nu_TuneCUETP8M2_ttHtranche3_13TeV-powheg-pythia8,/TTTo2L2Nu_TuneCUETP8M2_ttHtranche3_13TeV-powheg-pythia8/RunIISummer16MiniAODv2-PUMoriond17_80X_mcRun2_asymptotic_2016_TrancheIV_v6-v1/MINIAODSIM,TTTo2L2Nu_TuneCUETP8M2_ttHtranche3_13TeV-powheg-pythia8,1,79160960,79092400,1,0,1,0,0,"Cross section, filter efficiency, filter efficiency error, match efficiencty, match efficiency error, negative weights fraction",HIG-RunIISummer15wmLHEGS-00481,0
TTToLL_MLL_1200To1800_TuneCUETP8M1_13TeV-powheg-MiniAOD,/TTToLL_MLL_1200To1800_TuneCUETP8M1_13TeV-powheg-pythia8/RunIISummer16MiniAODv2-PUMoriond17_80X_mcRun2_asymptotic_2016_TrancheIV_v6-v1/MINIAODSIM,TTToLL_MLL_1200To1800_TuneCUETP8M1_13TeV-powheg-pythia8,1,200000,200000,1,0,1,0,-999,"Cross section, filter efficiency, filter efficiency error, match efficiencty, match efficiency error, negative weights fraction not listed",EXO-RunIIWinter15pLHE-01891,0
TTToLL_MLL_1800ToInf_TuneCUETP8M1_13TeV-powheg-MiniAOD,/TTToLL_MLL_1800ToInf_TuneCUETP8M1_13TeV-powheg-pythia8/RunIISummer16MiniAODv2-PUMoriond17_80X_mcRun2_asymptotic_2016_TrancheIV_v6-v1/MINIAODSIM,TTToLL_MLL_1800ToInf_TuneCUETP8M1_13TeV-powheg-pythia8,1,40829,40829,1,0,1,0,-999,"Cross section, filter efficiency, filter efficiency error, match efficiencty, match efficiency error, negative weights fraction not listed",EXO-RunIIWinter15pLHE-01892,0
TTToLL_MLL_500To800_TuneCUETP8M1_13TeV-powheg-MiniAOD,/TTToLL_MLL_500To800_TuneCUETP8M1_13TeV-powheg-pythia8/RunIISummer16MiniAODv2-PUMoriond17_80X_mcRun2_asymptotic_2016_TrancheIV_v6-v1/MINIAODSIM,TTToLL_MLL_500To800_TuneCUETP8M1_13TeV-powheg-pythia8,1,200000,200000,1,0,1,0,-999,"Cross section, filter efficiency, filter efficiency error, match efficiencty, match efficiency error, negative weights fraction not listed",EXO-RunIIWinter15pLHE-01889,0
TTToLL_MLL_800To1200_TuneCUETP8M1_13TeV-powheg-MiniAOD,/TTToLL_MLL_800To1200_TuneCUETP8M1_13TeV-powheg-pythia8/RunIISummer16MiniAODv2-PUMoriond17_80X_mcRun2_asymptotic_2016_TrancheIV_v6-v1/MINIAODSIM,TTToLL_MLL_800To1200_TuneCUETP8M1_13TeV-powheg-pythia8,1,199800,199800,1,0,1,0,-999,"Cross section, filter efficiency, filter efficiency error, match efficiencty, match efficiency error, negative weights fraction not listed",EXO-RunIIWinter15pLHE-01890,0
WJetsToLNu_Pt-100To250_TuneCUETP8M1_13TeV-amcatnlo-MiniAOD,/WJetsToLNu_Pt-100To250_TuneCUETP8M1_13TeV-amcatnloFXFX-pythia8/RunIISummer16MiniAODv2-PUMoriond17_80X_mcRun2_asymptotic_2016_TrancheIV_v6-v1/MINIAODSIM,WJetsToLNu_Pt-100To250_TuneCUETP8M1_13TeV-amcatnloFXFX-pythia8,676.3,10089661,10089661,0.41,0,1,0,-1,"Cross section, filter efficiency, filter efficiency error, match efficiencty, match efficiency error, negative weights fraction",EXO-RunIISummer15wmLHEGS-00009,0
WJetsToLNu_Pt-100To250_TuneCUETP8M1_13TeV-amcatnlo-MiniAOD_ext1,/WJetsToLNu_Pt-100To250_TuneCUETP8M1_13TeV-amcatnloFXFX-pythia8/RunIISummer16MiniAODv2-PUMoriond17_80X_mcRun2_asymptotic_2016_TrancheIV_v6_ext1-v1/MINIAODSIM,WJetsToLNu_Pt-100To250_TuneCUETP8M1_13TeV-amcatnloFXFX-pythia8,676.3,10098276,10088599,0.41,0,1,0,-1,"Cross section, filter efficiency, filter efficiency error, match efficiencty, match efficiency error, negative weights fraction",EXO-RunIISummer15wmLHEGS-00009,0
WJetsToLNu_Pt-100To250_TuneCUETP8M1_13TeV-amcatnlo-MiniAOD_ext4,/WJetsToLNu_Pt-100To250_TuneCUETP8M1_13TeV-amcatnloFXFX-pythia8/RunIISummer16MiniAODv2-PUMoriond17_80X_mcRun2_asymptotic_2016_TrancheIV_v6_ext4-v1/MINIAODSIM,WJetsToLNu_Pt-100To250_TuneCUETP8M1_13TeV-amcatnloFXFX-pythia8,676.3,100000000,100025505,0.41,0,1,0,-1,"Cross section, filter efficiency, filter efficiency error, match efficiencty, match efficiency error, negative weights fraction",HIG-RunIISummer15wmLHEGS-00963,0
WJetsToLNu_Pt-250To400_TuneCUETP8M1_13TeV-amcatnlo-MiniAOD,/WJetsToLNu_Pt-250To400_TuneCUETP8M1_13TeV-amcatnloFXFX-pythia8/RunIISummer16MiniAODv2-PUMoriond17_80X_mcRun2_asymptotic_2016_TrancheIV_v6-v1/MINIAODSIM,WJetsToLNu_Pt-250To400_TuneCUETP8M1_13TeV-amcatnloFXFX-pythia8,23.94,1001250,1001250,0.43,0,1,0,-1,"Cross section, filter efficiency, filter efficiency error, match efficiencty, match efficiency error, negative weights fraction",EXO-RunIISummer15wmLHEGS-00010,0
WJetsToLNu_Pt-250To400_TuneCUETP8M1_13TeV-amcatnlo-MiniAOD_ext1,/WJetsToLNu_Pt-250To400_TuneCUETP8M1_13TeV-amcatnloFXFX-pythia8/RunIISummer16MiniAODv2-PUMoriond17_80X_mcRun2_asymptotic_2016_TrancheIV_v6_ext1-v1/MINIAODSIM,WJetsToLNu_Pt-250To400_TuneCUETP8M1_13TeV-amcatnloFXFX-pythia8,23.94,1000132,1000132,0.43,0,1,0,-1,"Cross section, filter efficiency, filter efficiency error, match efficiencty, match efficiency error, negative weights fraction",EXO-RunIISummer15wmLHEGS-01654,0
WJetsToLNu_Pt-250To400_TuneCUETP8M1_13TeV-amcatnlo-MiniAOD_ext4,/WJetsToLNu_Pt-250To400_TuneCUETP8M1_13TeV-amcatnloFXFX-pythia8/RunIISummer16MiniAODv2-PUMoriond17_80X_mcRun2_asymptotic_2016_TrancheIV_v6_ext4-v1/MINIAODSIM,WJetsToLNu_Pt-250To400_TuneCUETP8M1_13TeV-amcatnloFXFX-pythia8,23.94,10000000,10021205,0.43,0,1,0,-1,"Cross section, filter efficiency, filter efficiency error, match efficiencty, match efficiency error, negative weights fraction",HIG-RunIISummer15wmLHEGS-00964,0
WJetsToLNu_Pt-400To600_TuneCUETP8M1_13TeV-amcatnlo-MiniAOD,/WJetsToLNu_Pt-400To600_TuneCUETP8M1_13TeV-amcatnloFXFX-pythia8/RunIISummer16MiniAODv2-PUMoriond17_80X_mcRun2_asymptotic_2016_TrancheIV_v6-v1/MINIAODSIM,WJetsToLNu_Pt-400To600_TuneCUETP8M1_13TeV-amcatnloFXFX-pythia8,3.031,951713,951713,0.44,0,1,0,-1,"Cross section, filter efficiency, filter efficiency error, match efficiencty, match efficiency error, negative weights fraction",EXO-RunIISummer15wmLHEGS-00011,0
WJetsToLNu_Pt-400To600_TuneCUETP8M1_13TeV-amcatnlo-MiniAOD_ext1,/WJetsToLNu_Pt-400To600_TuneCUETP8M1_13TeV-amcatnloFXFX-pythia8/RunIISummer16MiniAODv2-PUMoriond17_80X_mcRun2_asymptotic_2016_TrancheIV_v6_ext1-v1/MINIAODSIM,WJetsToLNu_Pt-400To600_TuneCUETP8M1_13TeV-amcatnloFXFX-pythia8,3.031,988234,988234,0.44,0,1,0,-1,"Cross section, filter efficiency, filter efficiency error, match efficiencty, match efficiency error, negative weights fraction",EXO-RunIISummer15wmLHEGS-01655,0
WJetsToLNu_Pt-600ToInf_TuneCUETP8M1_13TeV-amcatnlo-MiniAOD,/WJetsToLNu_Pt-600ToInf_TuneCUETP8M1_13TeV-amcatnloFXFX-pythia8/RunIISummer16MiniAODv2-PUMoriond17_80X_mcRun2_asymptotic_2016_TrancheIV_v6-v1/MINIAODSIM,WJetsToLNu_Pt-600ToInf_TuneCUETP8M1_13TeV-amcatnloFXFX-pythia8,0.4524,989482,989482,0.44,0,1,0,-1,"Cross section, filter efficiency, filter efficiency error, match efficiencty, match efficiency error, negative weights fraction",EXO-RunIISummer15wmLHEGS-00012,0
WJetsToLNu_Pt-600ToInf_TuneCUETP8M1_13TeV-amcatnlo-MiniAOD_ext1,/WJetsToLNu_Pt-600ToInf_TuneCUETP8M1_13TeV-amcatnloFXFX-pythia8/RunIISummer16MiniAODv2-PUMoriond17_80X_mcRun2_asymptotic_2016_TrancheIV_v6_ext1-v1/MINIAODSIM,WJetsToLNu_Pt-600ToInf_TuneCUETP8M1_13TeV-amcatnloFXFX-pythia8,0.4524,985893,985127,0.44,0,1,0,-1,"Cross section, filter efficiency, filter efficiency error, match efficiencty, match efficiency error, negative weights fraction",EXO-RunIISummer15wmLHEGS-01656,0
WJetsToLNu_TuneCUETP8M1_13TeV-amcatnlo-MiniAOD,/WJetsToLNu_TuneCUETP8M1_13TeV-amcatnloFXFX-pythia8/RunIISummer16MiniAODv2-PUMoriond17_80X_mcRun2_asymptotic_2016_TrancheIV_v6-v1/MINIAODSIM,WJetsToLNu_TuneCUETP8M1_13TeV-amcatnloFXFX-pythia8,60781.5,24222907,24120319,1,0,1,0,-999,"Cross section, filter efficiency, filter efficiency error, match efficiencty, match efficiency error, negative weights fraction not listed",SMP-RunIIWinter15wmLHE-00002,0
WJetsToLNu_TuneCUETP8M1_13TeV-amcatnlo-MiniAOD,/WJetsToLNu_TuneCUETP8M1_13TeV-amcatnloFXFX-pythia8/RunIISummer16MiniAODv2-PUMoriond17_80X_mcRun2_asymptotic_2016_TrancheIV_v6-v1/MINIAODSIM,WJetsToLNu_TuneCUETP8M1_13TeV-amcatnloFXFX-pythia8,60290,24222907,24120319,1,0,0.4,0.005,-999,"Cross section, filter efficiency, filter efficiency error, match efficiencty, match efficiency error, negative weights fraction not listed",SMP-RunIIWinter15GS-00003,0
WJetsToLNu_TuneCUETP8M1_13TeV-madgraphMLM-MiniAOD,/WJetsToLNu_TuneCUETP8M1_13TeV-madgraphMLM-pythia8/RunIISummer16MiniAODv2-PUMoriond17_80X_mcRun2_asymptotic_2016_TrancheIV_v6-v1/MINIAODSIM,WJetsToLNu_TuneCUETP8M1_13TeV-madgraphMLM-pythia8,1,30000000,29705748,1,0,1,0,-999,"Cross section, filter efficiency, filter efficiency error, match efficiencty, match efficiency error, negative weights fraction not listed",SUS-RunIIWinter15wmLHE-00057,0
WJetsToLNu_TuneCUETP8M1_13TeV-madgraphMLM-MiniAOD_ext2,/WJetsToLNu_TuneCUETP8M1_13TeV-madgraphMLM-pythia8/RunIISummer16MiniAODv2-PUMoriond17_80X_mcRun2_asymptotic_2016_TrancheIV_v6_ext2-v1/MINIAODSIM,WJetsToLNu_TuneCUETP8M1_13TeV-madgraphMLM-pythia8,1,59810266,57026058,1,0.5,0.369,0.5,-1,"Cross section, filter efficiency, filter efficiency error, match efficiencty, match efficiency error, negative weights fraction",HIG-RunIISummer15wmLHEGS-00804,0
ZToEE_NNPDF30_13TeV-powheg_M_120_200_MiniAOD,/ZToEE_NNPDF30_13TeV-powheg_M_120_200/RunIISummer16MiniAODv2-PUMoriond17_80X_mcRun2_asymptotic_2016_TrancheIV_v6-v1/MINIAODSIM,ZToEE_NNPDF30_13TeV-powheg_M_120_200,19.32,100000,100000,1,0,1,0,-999,"Cross section, filter efficiency, filter efficiency error, match efficiencty, match efficiency error, negative weights fraction not listed",EXO-RunIIWinter15wmLHE-00342,0
ZToEE_NNPDF30_13TeV-powheg_M_1400_2300_MiniAOD,/ZToEE_NNPDF30_13TeV-powheg_M_1400_2300/RunIISummer16MiniAODv2-PUMoriond17_80X_mcRun2_asymptotic_2016_TrancheIV_v6-v1/MINIAODSIM,ZToEE_NNPDF30_13TeV-powheg_M_1400_2300,1,100000,100000,1,0,1,0,-999,"Cross section, filter efficiency, filter efficiency error, match efficiencty, match efficiency error, negative weights fraction not listed",EXO-RunIIWinter15wmLHE-00346,0
ZToEE_NNPDF30_13TeV-powheg_M_200_400_MiniAOD,/ZToEE_NNPDF30_13TeV-powheg_M_200_400/RunIISummer16MiniAODv2-PUMoriond17_80X_mcRun2_asymptotic_2016_TrancheIV_v6-v1/MINIAODSIM,ZToEE_NNPDF30_13TeV-powheg_M_200_400,1,100000,99200,1,0,1,0,-999,"Cross section, filter efficiency, filter efficiency error, match efficiencty, match efficiency error, negative weights fraction not listed",EXO-RunIIWinter15wmLHE-00343,0
ZToEE_NNPDF30_13TeV-powheg_M_2300_3500_MiniAOD,/ZToEE_NNPDF30_13TeV-powheg_M_2300_3500/RunIISummer16MiniAODv2-PUMoriond17_80X_mcRun2_asymptotic_2016_TrancheIV_v6-v1/MINIAODSIM,ZToEE_NNPDF30_13TeV-powheg_M_2300_3500,1,100000,100000,1,0,1,0,-999,"Cross section, filter efficiency, filter efficiency error, match efficiencty, match efficiency error, negative weights fraction not listed",EXO-RunIIWinter15wmLHE-00347,0
ZToEE_NNPDF30_13TeV-powheg_M_3500_4500_MiniAOD,/ZToEE_NNPDF30_13TeV-powheg_M_3500_4500/RunIISummer16MiniAODv2-PUMoriond17_80X_mcRun2_asymptotic_2016_TrancheIV_v6-v1/MINIAODSIM,ZToEE_NNPDF30_13TeV-powheg_M_3500_4500,1,100000,100000,1,0,1,0,-999,"Cross section, filter efficiency, filter efficiency error, match efficiencty, match efficiency error, negative weights fraction not listed",EXO-RunIIWinter15wmLHE-00348,0
ZToEE_NNPDF30_13TeV-powheg_M_400_800_MiniAOD,/ZToEE_NNPDF30_13TeV-powheg_M_400_800/RunIISummer16MiniAODv2-PUMoriond17_80X_mcRun2_asymptotic_2016_TrancheIV_v6-v1/MINIAODSIM,ZToEE_NNPDF30_13TeV-powheg_M_400_800,1,100000,100000,1,0,1,0,-999,"Cross section, filter efficiency, filter efficiency error, match efficiencty, match efficiency error, negative weights fraction not listed",EXO-RunIIWinter15wmLHE-00344,0
ZToEE_NNPDF30_13TeV-powheg_M_4500_6000_MiniAOD,/ZToEE_NNPDF30_13TeV-powheg_M_4500_6000/RunIISummer16MiniAODv2-PUMoriond17_80X_mcRun2_asymptotic_2016_TrancheIV_v6-v1/MINIAODSIM,ZToEE_NNPDF30_13TeV-powheg_M_4500_6000,1,100000,99000,1,0,1,0,-999,"Cross section, filter efficiency, filter efficiency error, match efficiencty, match efficiency error, negative weights fraction not listed",EXO-RunIIWinter15wmLHE-00349,0
ZToEE_NNPDF30_13TeV-powheg_M_50_120_MiniAOD,/ZToEE_NNPDF30_13TeV-powheg_M_50_120/RunIISummer16MiniAODv2-PUMoriond17_80X_mcRun2_asymptotic_2016_TrancheIV_v6-v1/MINIAODSIM,ZToEE_NNPDF30_13TeV-powheg_M_50_120,1,3000000,2998400,1,0,1,0,-999,"Cross section, filter efficiency, filter efficiency error, match efficiencty, match efficiency error, negative weights fraction not listed",EXO-RunIIWinter15wmLHE-00341,0
ZToEE_NNPDF30_13TeV-powheg_M_6000_Inf_MiniAOD,/ZToEE_NNPDF30_13TeV-powheg_M_6000_Inf/RunIISummer16MiniAODv2-PUMoriond17_80X_mcRun2_asymptotic_2016_TrancheIV_v6-v1/MINIAODSIM,ZToEE_NNPDF30_13TeV-powheg_M_6000_Inf,1,100000,99800,1,0,1,0,-999,"Cross section, filter efficiency, filter efficiency error, match efficiencty, match efficiency error, negative weights fraction not listed",EXO-RunIIWinter15wmLHE-00350,0
ZToEE_NNPDF30_13TeV-powheg_M_800_1400_MiniAOD,/ZToEE_NNPDF30_13TeV-powheg_M_800_1400/RunIISummer16MiniAODv2-PUMoriond17_80X_mcRun2_asymptotic_2016_TrancheIV_v6-v1/MINIAODSIM,ZToEE_NNPDF30_13TeV-powheg_M_800_1400,1,100000,100000,1,0,1,0,-999,"Cross section, filter efficiency, filter efficiency error, match efficiencty, match efficiency error, negative weights fraction not listed",EXO-RunIIWinter15wmLHE-00345,0
WW_TuneCUETP8M1_13TeV-pythia8-MiniAOD,,,,,,,,,,,,,50
WW_TuneCUETP8M1_13TeV-pythia8-MiniAOD_ext1,,,,,,,,,,,,,353